,net_manager,purchase_area,street,zipcode_from,zipcode_to,city,num_connections,delivery_perc,perc_of_active_connections,type_conn_perc,type_of_connection,annual_consume,annual_consume_lowtarif_perc,smartmeter_perc11516,8716892000005,Stedin,Cartesiusstraat,2562SH,2562SH,'S-GRAVENHAGE,15,93.33,100.0,73.0,1x35,3459,86.67,20.0
11517,8716892000005,Stedin,Cartesiusstraat,2562SJ,2562SJ,'S-GRAVENHAGE,24,95.83,100.0,88.0,1x35,2188,62.5,50.0
11518,8716892000005,Stedin,Cartesiusstraat,2562SK,2562SK,'S-GRAVENHAGE,14,100.0,100.0,93.0,1x35,4407,64.29,57.14
11519,8716892000005,Stedin,Cartesiusstraat,2562SL,2562SL,'S-GRAVENHAGE,19,100.0,84.21,84.0,1x35,2518,63.16,26.32
11520,8716892000005,Stedin,Cartesiusstraat,2562SM,2562SM,'S-GRAVENHAGE,23,100.0,100.0,91.0,1x35,3413,73.91,4.35
11521,8716892000005,Stedin,Cartesiusstraat,2562SN,2562SN,'S-GRAVENHAGE,19,94.74,94.74,95.0,1x35,2054,73.68,47.37
11522,8716892000005,Stedin,Cartesiusstraat,2562SP,2562SP,'S-GRAVENHAGE,14,92.86,100.0,93.0,1x35,3149,64.29,14.29
11523,8716892000005,Stedin,Cartesiusstraat,2562SR,2562SR,'S-GRAVENHAGE,16,100.0,100.0,94.0,1x35,3469,43.75,37.5
11524,8716892000005,Stedin,Cartesiusstraat,2562ST,2562ST,'S-GRAVENHAGE,21,100.0,95.24,76.0,1x35,1739,33.33,4.76
11525,8716892000005,Stedin,Cartesiusstraat,2562SV,2562SV,'S-GRAVENHAGE,23,100.0,100.0,96.0,1x35,1881,47.83,13.04
11526,8716892000005,Stedin,Cartesiusdwarsstraat,2562SW,2562SW,'S-GRAVENHAGE,19,100.0,94.74,95.0,1x35,1709,15.79,0.0
11527,8716892000005,Stedin,Cartesiusdwarsstraat,2562SX,2562SX,'S-GRAVENHAGE,11,90.91,100.0,55.0,1x35,3737,36.36,9.09
11528,8716892000005,Stedin,Cartesiusdwarsstraat,2562SZ,2562TA,'S-GRAVENHAGE,20,100.0,100.0,95.0,1x35,2474,45.0,10.0
11529,8716892000005,Stedin,Celsiusstraat,2562TB,2562TB,'S-GRAVENHAGE,26,100.0,100.0,96.0,1x35,2005,46.15,0.0
11530,8716892000005,Stedin,Celsiusstraat,2562TC,2562TC,'S-GRAVENHAGE,15,100.0,93.33,87.0,1x35,2544,46.67,6.67
11531,8716892000005,Stedin,Celsiusstraat,2562TD,2562TD,'S-GRAVENHAGE,11,100.0,100.0,73.0,1x35,2816,45.45,0.0
11532,8716892000005,Stedin,Celsiusstraat,2562TE,2562TE,'S-GRAVENHAGE,25,100.0,100.0,100.0,1x35,1977,32.0,12.0
11533,8716892000005,Stedin,Celsiusstraat,2562TG,2562TG,'S-GRAVENHAGE,25,100.0,100.0,100.0,1x35,3238,20.0,0.0
11534,8716892000005,Stedin,Celsiusstraat,2562TH,2562TH,'S-GRAVENHAGE,22,100.0,100.0,95.0,1x35,1656,54.55,4.55
11535,8716892000005,Stedin,Celsiusstraat,2562TJ,2562TJ,'S-GRAVENHAGE,15,100.0,100.0,100.0,1x35,2269,46.67,13.33
11536,8716892000005,Stedin,Celsiusstraat,2562TK,2562TK,'S-GRAVENHAGE,15,100.0,100.0,93.0,1x35,1896,53.33,0.0
11537,8716892000005,Stedin,Vinkensteynstraat,2562TL,2562TL,'S-GRAVENHAGE,23,100.0,100.0,91.0,1x35,2947,26.09,0.0
11538,8716892000005,Stedin,Vinkensteynstraat,2562TM,2562TM,'S-GRAVENHAGE,18,100.0,94.44,100.0,1x35,2369,38.89,5.56
11539,8716892000005,Stedin,Vinkensteynstraat,2562TN,2562TN,'S-GRAVENHAGE,26,100.0,96.15,92.0,1x35,2283,46.15,3.85
11540,8716892000005,Stedin,Vinkensteynstraat,2562TP,2562TR,'S-GRAVENHAGE,36,97.22,100.0,86.0,1x35,2541,86.11,58.33
11541,8716892000005,Stedin,Vinkensteynstraat,2562TS,2562TS,'S-GRAVENHAGE,17,94.12,100.0,100.0,1x35,3735,100.0,0.0
11542,8716892000005,Stedin,Vinkensteynstraat,2562TV,2562TV,'S-GRAVENHAGE,13,100.0,92.31,85.0,1x35,2926,30.77,0.0
11543,8716892000005,Stedin,De Reaumurstraat,2562TW,2562TX,'S-GRAVENHAGE,22,100.0,100.0,95.0,1x35,3022,27.27,13.64
11544,8716892000005,Stedin,De Reaumurstraat,2562TZ,2562TZ,'S-GRAVENHAGE,17,100.0,100.0,76.0,1x35,2381,52.94,11.76
11545,8716892000005,Stedin,Kepplerplein,2562VD,2562VD,'S-GRAVENHAGE,39,100.0,100.0,62.0,1x35,2258,43.59,7.69
11546,8716892000005,Stedin,Kepplerstraat,2562VE,2562VE,'S-GRAVENHAGE,29,100.0,100.0,90.0,1x35,2013,31.03,17.24
11547,8716892000005,Stedin,Kepplerstraat,2562VG,2562VG,'S-GRAVENHAGE,23,95.65,100.0,83.0,1x35,2782,39.13,17.39
11548,8716892000005,Stedin,Kepplerstraat,2562VH,2562VH,'S-GRAVENHAGE,14,100.0,100.0,79.0,1x35,1931,35.71,7.14
11549,8716892000005,Stedin,Kepplerstraat,2562VJ,2562VJ,'S-GRAVENHAGE,22,95.45,100.0,86.0,1x35,3937,54.55,4.55
11550,8716892000005,Stedin,Kepplerstraat,2562VK,2562VK,'S-GRAVENHAGE,18,100.0,100.0,94.0,1x35,2003,44.44,5.56
11551,8716892000005,Stedin,Kepplerstraat,2562VL,2562VL,'S-GRAVENHAGE,17,100.0,100.0,94.0,1x35,2081,23.53,11.76
11552,8716892000005,Stedin,Kepplerstraat,2562VM,2562VM,'S-GRAVENHAGE,23,100.0,95.65,78.0,1x35,2424,56.52,13.04
11553,8716892000005,Stedin,Kepplerstraat,2562VN,2562VN,'S-GRAVENHAGE,29,100.0,75.86,79.0,1x35,3435,72.41,34.48
11554,8716892000005,Stedin,Kepplerstraat,2562VP,2562VP,'S-GRAVENHAGE,23,100.0,100.0,96.0,1x35,2738,26.09,8.7
11555,8716892000005,Stedin,Kepplerstraat,2562VR,2562VR,'S-GRAVENHAGE,24,100.0,100.0,100.0,1x35,2291,12.5,4.17
11556,8716892000005,Stedin,Kepplerstraat,2562VS,2562VS,'S-GRAVENHAGE,25,100.0,96.0,68.0,1x35,3558,40.0,8.0
11557,8716892000005,Stedin,Kepplerstraat,2562VT,2562VT,'S-GRAVENHAGE,26,100.0,92.31,88.0,1x35,2292,61.54,3.85
11558,8716892000005,Stedin,Kepplerstraat,2562VV,2562VV,'S-GRAVENHAGE,23,100.0,95.65,91.0,1x35,1918,30.43,4.35
11559,8716892000005,Stedin,Kepplerstraat,2562VW,2562VW,'S-GRAVENHAGE,29,96.55,89.66,62.0,1x35,3252,51.72,13.79
11560,8716892000005,Stedin,Kepplerstraat,2562VX,2562VX,'S-GRAVENHAGE,20,100.0,95.0,90.0,1x35,2209,65.0,5.0
11561,8716892000005,Stedin,Kepplerstraat,2562VZ,2562VZ,'S-GRAVENHAGE,16,100.0,93.75,88.0,1x35,1647,37.5,6.25
11562,8716892000005,Stedin,Fultonstraat,2562XB,2562XB,'S-GRAVENHAGE,27,100.0,92.59,85.0,1x35,2059,48.15,7.41
11563,8716892000005,Stedin,Fultonstraat,2562XC,2562XC,'S-GRAVENHAGE,23,100.0,100.0,100.0,1x35,1949,39.13,4.35
11564,8716892000005,Stedin,Fultonstraat,2562XD,2562XD,'S-GRAVENHAGE,24,91.67,100.0,88.0,1x35,1501,66.67,4.17
11565,8716892000005,Stedin,Fultonstraat,2562XE,2562XE,'S-GRAVENHAGE,17,100.0,100.0,94.0,1x35,2096,52.94,11.76
11566,8716892000005,Stedin,Fultonstraat,2562XG,2562XG,'S-GRAVENHAGE,24,100.0,91.67,71.0,1x35,2223,41.67,12.5
11567,8716892000005,Stedin,Fultonstraat,2562XH,2562XH,'S-GRAVENHAGE,18,100.0,100.0,72.0,1x35,4599,44.44,16.67
11568,8716892000005,Stedin,Fultonstraat,2562XJ,2562XJ,'S-GRAVENHAGE,20,95.0,100.0,95.0,1x35,2337,60.0,20.0
11569,8716892000005,Stedin,Fultonstraat,2562XK,2562XK,'S-GRAVENHAGE,13,100.0,100.0,77.0,1x35,2193,46.15,23.08
11570,8716892000005,Stedin,Fultonstraat,2562XL,2562XL,'S-GRAVENHAGE,20,90.0,100.0,90.0,1x35,2747,35.0,0.0
11571,8716892000005,Stedin,Noorderbeekdwarsstraat,2562XM,2562XM,'S-GRAVENHAGE,21,95.24,100.0,95.0,1x35,2705,76.19,38.1
11572,8716892000005,Stedin,Noorderbeekdwarsstraat,2562XN,2562XN,'S-GRAVENHAGE,34,97.06,97.06,94.0,1x35,2812,73.53,23.53
11573,8716892000005,Stedin,Noorderbeekdwarsstraat,2562XP,2562XP,'S-GRAVENHAGE,16,100.0,100.0,88.0,1x35,3289,37.5,18.75
11574,8716892000005,Stedin,Noorderbeekdwarsstraat,2562XR,2562XR,'S-GRAVENHAGE,23,100.0,95.65,65.0,1x35,1863,52.17,8.7
11575,8716892000005,Stedin,Noorderbeekdwarsstraat,2562XS,2562XS,'S-GRAVENHAGE,12,100.0,100.0,83.0,1x35,4845,66.67,8.33
11576,8716892000005,Stedin,Noorderbeekdwarsstraat,2562XV,2562XV,'S-GRAVENHAGE,13,100.0,92.31,92.0,1x35,2075,23.08,7.69
11577,8716892000005,Stedin,Noorderbeekdwarsstraat,2562XW,2562XW,'S-GRAVENHAGE,25,100.0,100.0,84.0,1x35,2133,32.0,0.0
11578,8716892000005,Stedin,Noorderbeekdwarsstraat,2562XX,2562XX,'S-GRAVENHAGE,36,100.0,97.22,83.0,1x35,3946,44.44,8.33
11579,8716892000005,Stedin,Noorderbeekdwarsstraat,2562XZ,2562XZ,'S-GRAVENHAGE,15,100.0,100.0,100.0,1x35,2056,80.0,6.67
11580,8716892000005,Stedin,Newtonstraat,2562ZZ,2563AA,'S-GRAVENHAGE,33,100.0,81.82,48.0,1x35,6194,90.91,9.09
11581,8716892000005,Stedin,Laan van Meerdervoort,2563AB,2563AC,'S-GRAVENHAGE,27,100.0,100.0,52.0,3x25,4615,59.26,11.11
11582,8716892000005,Stedin,Laan van Meerdervoort,2563AD,2563AD,'S-GRAVENHAGE,12,100.0,100.0,50.0,1x35,3371,50.0,8.33
11583,8716892000005,Stedin,Laan van Meerdervoort,2563AE,2563AE,'S-GRAVENHAGE,23,100.0,100.0,43.0,1x35,5326,60.87,0.0
11584,8716892000005,Stedin,Laan van Meerdervoort,2563AG,2563AH,'S-GRAVENHAGE,22,100.0,100.0,45.0,1x35,5444,59.09,4.55
11585,8716892000005,Stedin,Laan van Meerdervoort,2563AJ,2563AJ,'S-GRAVENHAGE,20,95.0,95.0,60.0,1x35,3686,65.0,15.0
11586,8716892000005,Stedin,Laan van Meerdervoort,2563AK,2563AK,'S-GRAVENHAGE,13,100.0,100.0,69.0,3x25,3637,53.85,0.0
11587,8716892000005,Stedin,Laan van Meerdervoort,2563AL,2563AL,'S-GRAVENHAGE,17,100.0,100.0,59.0,3x25,3233,29.41,5.88
11588,8716892000005,Stedin,Laan van Meerdervoort,2563AM,2563AM,'S-GRAVENHAGE,24,100.0,95.83,42.0,1x35,6020,45.83,16.67
11589,8716892000005,Stedin,Laan van Meerdervoort,2563AN,2563AN,'S-GRAVENHAGE,23,86.96,100.0,52.0,3x25,5373,65.22,4.35
11590,8716892000005,Stedin,Laan van Meerdervoort,2563AP,2563AP,'S-GRAVENHAGE,18,83.33,100.0,61.0,3x25,5732,72.22,16.67
11591,8716892000005,Stedin,Laan van Meerdervoort,2563AR,2563AR,'S-GRAVENHAGE,20,90.0,100.0,65.0,3x25,3186,65.0,0.0
11592,8716892000005,Stedin,Laan van Meerdervoort,2563AS,2563AS,'S-GRAVENHAGE,25,100.0,96.0,48.0,1x35,6977,72.0,8.0
11593,8716892000005,Stedin,Laan van Meerdervoort,2563AT,2563AT,'S-GRAVENHAGE,26,100.0,100.0,65.0,1x35,5426,57.69,11.54
11594,8716892000005,Stedin,Laan van Meerdervoort,2563AV,2563AV,'S-GRAVENHAGE,14,100.0,92.86,43.0,3x25,4343,71.43,21.43
11595,8716892000005,Stedin,Laan van Meerdervoort,2563AW,2563AW,'S-GRAVENHAGE,16,100.0,87.5,75.0,3x25,4999,68.75,0.0
11596,8716892000005,Stedin,Laan van Meerdervoort,2563AX,2563BA,'S-GRAVENHAGE,28,96.43,100.0,50.0,3x25,3977,75.0,7.14
11597,8716892000005,Stedin,Laan van Meerdervoort,2563BB,2563BB,'S-GRAVENHAGE,22,90.91,90.91,64.0,1x35,3336,59.09,4.55
11598,8716892000005,Stedin,Laan van Meerdervoort,2563BC,2563BC,'S-GRAVENHAGE,15,93.33,100.0,67.0,3x25,2791,80.0,6.67
11599,8716892000005,Stedin,Laan van Meerdervoort,2563BD,2563BD,'S-GRAVENHAGE,11,100.0,100.0,64.0,3x25,4034,72.73,0.0
11600,8716892000005,Stedin,Laan van Meerdervoort,2563BE,2563BE,'S-GRAVENHAGE,24,100.0,95.83,58.0,1x35,3706,54.17,12.5
11601,8716892000005,Stedin,Laan van Meerdervoort,2563BG,2563BG,'S-GRAVENHAGE,14,92.86,92.86,64.0,3x25,3331,50.0,14.29
11602,8716892000005,Stedin,Laan van Meerdervoort,2563BH,2563BH,'S-GRAVENHAGE,10,100.0,100.0,60.0,3x25,4863,80.0,10.0
11603,8716892000005,Stedin,Laan van Meerdervoort,2563BJ,2563BJ,'S-GRAVENHAGE,15,100.0,100.0,67.0,3x25,5426,60.0,13.33
11604,8716892000005,Stedin,Laan van Meerdervoort,2563BK,2563BK,'S-GRAVENHAGE,25,100.0,100.0,52.0,1x35,4291,64.0,0.0
11605,8716892000005,Stedin,Laan van Meerdervoort,2563BL,2563BL,'S-GRAVENHAGE,20,90.0,100.0,65.0,1x35,2766,45.0,5.0
11606,8716892000005,Stedin,Laan van Meerdervoort,2563BM,2563BM,'S-GRAVENHAGE,23,100.0,100.0,48.0,1x35,4973,60.87,8.7
11607,8716892000005,Stedin,Laan van Meerdervoort,2563BN,2563BP,'S-GRAVENHAGE,34,97.06,94.12,79.0,1x35,2783,50.0,26.47
11608,8716892000005,Stedin,Anton de Haenstraat,2563BR,2563BR,'S-GRAVENHAGE,21,100.0,100.0,86.0,1x35,2464,90.48,85.71
11609,8716892000005,Stedin,Anton de Haenstraat,2563BS,2563BS,'S-GRAVENHAGE,23,95.65,100.0,96.0,1x35,1614,60.87,43.48
11610,8716892000005,Stedin,Anton de Haenstraat,2563BT,2563BT,'S-GRAVENHAGE,19,100.0,100.0,95.0,1x35,2061,68.42,5.26
11611,8716892000005,Stedin,Anton de Haenstraat,2563BV,2563BV,'S-GRAVENHAGE,20,100.0,100.0,95.0,1x35,2037,55.0,10.0
11612,8716892000005,Stedin,Thomas Schwenckestraat,2563BW,2563BW,'S-GRAVENHAGE,22,81.82,100.0,55.0,1x35,2980,95.45,77.27
11613,8716892000005,Stedin,Thomas Schwenckestraat,2563BX,2563BX,'S-GRAVENHAGE,11,81.82,100.0,64.0,1x35,2718,81.82,72.73
11614,8716892000005,Stedin,Thomas Schwenckestraat,2563BZ,2563BZ,'S-GRAVENHAGE,17,100.0,88.24,53.0,1x35,2310,58.82,17.65
11615,8716892000005,Stedin,Valkenbosplein,2563CA,2563CA,'S-GRAVENHAGE,17,100.0,100.0,71.0,3x25,4218,94.12,11.76
11616,8716892000005,Stedin,Valkenbosplein,2563CB,2563CB,'S-GRAVENHAGE,40,100.0,100.0,83.0,1x35,3078,25.0,7.5
11617,8716892000005,Stedin,Valkenbosplein,2563CC,2563CD,'S-GRAVENHAGE,34,97.06,85.29,53.0,1x35,4844,64.71,26.47
11618,8716892000005,Stedin,Valkenboslaan,2563CE,2563CE,'S-GRAVENHAGE,15,100.0,86.67,60.0,1x35,5551,73.33,20.0
11619,8716892000005,Stedin,Valkenboslaan,2563CG,2563CG,'S-GRAVENHAGE,20,95.0,100.0,90.0,1x35,2362,40.0,10.0
11620,8716892000005,Stedin,Valkenboslaan,2563CH,2563CH,'S-GRAVENHAGE,17,94.12,94.12,71.0,1x35,2691,70.59,11.76
11621,8716892000005,Stedin,Valkenboslaan,2563CJ,2563CJ,'S-GRAVENHAGE,18,100.0,100.0,78.0,1x35,1854,50.0,0.0
11622,8716892000005,Stedin,Valkenboslaan,2563CK,2563CK,'S-GRAVENHAGE,20,100.0,95.0,65.0,1x35,3359,55.0,15.0
11623,8716892000005,Stedin,Valkenboslaan,2563CL,2563CL,'S-GRAVENHAGE,31,96.77,100.0,71.0,1x35,3339,67.74,3.23
11624,8716892000005,Stedin,Valkenboslaan,2563CM,2563CM,'S-GRAVENHAGE,17,94.12,100.0,71.0,1x35,3878,35.29,5.88
11625,8716892000005,Stedin,Valkenboslaan,2563CN,2563CN,'S-GRAVENHAGE,26,100.0,100.0,77.0,1x35,3321,69.23,7.69
11626,8716892000005,Stedin,Valkenboslaan,2563CP,2563CP,'S-GRAVENHAGE,18,100.0,100.0,61.0,3x25,4269,77.78,0.0
11627,8716892000005,Stedin,Valkenboslaan,2563CR,2563CR,'S-GRAVENHAGE,11,90.91,100.0,73.0,3x25,3391,81.82,9.09
11628,8716892000005,Stedin,Valkenboslaan,2563CS,2563CS,'S-GRAVENHAGE,23,100.0,91.3,65.0,1x35,4518,82.61,21.74
11629,8716892000005,Stedin,Valkenboslaan,2563CT,2563CV,'S-GRAVENHAGE,22,100.0,100.0,64.0,1x35,4579,59.09,18.18
11630,8716892000005,Stedin,Valkenboslaan,2563CW,2563CW,'S-GRAVENHAGE,23,100.0,100.0,83.0,1x35,4120,43.48,4.35
11631,8716892000005,Stedin,Valkenboslaan,2563CX,2563CX,'S-GRAVENHAGE,23,86.96,91.3,96.0,1x35,2665,47.83,8.7
11632,8716892000005,Stedin,Valkenboslaan,2563CZ,2563CZ,'S-GRAVENHAGE,19,94.74,100.0,47.0,3x25,12029,47.37,10.53
11633,8716892000005,Stedin,Valkenboslaan,2563EA,2563EA,'S-GRAVENHAGE,16,93.75,100.0,75.0,1x35,3440,87.5,25.0
11634,8716892000005,Stedin,Valkenboslaan,2563EB,2563EB,'S-GRAVENHAGE,26,100.0,100.0,77.0,1x35,3495,73.08,11.54
11635,8716892000005,Stedin,Valkenboslaan,2563EC,2563EC,'S-GRAVENHAGE,12,100.0,91.67,67.0,1x35,5222,66.67,0.0
11636,8716892000005,Stedin,Valkenboslaan,2563ED,2563ED,'S-GRAVENHAGE,14,100.0,100.0,86.0,1x35,3984,50.0,7.14
11637,8716892000005,Stedin,Valkenboslaan,2563EE,2563EE,'S-GRAVENHAGE,15,100.0,93.33,73.0,1x35,3149,73.33,6.67
11638,8716892000005,Stedin,Valkenboslaan,2563EG,2563EG,'S-GRAVENHAGE,13,100.0,100.0,62.0,1x35,4218,76.92,0.0
11639,8716892000005,Stedin,Boylestraat,2563EH,2563EH,'S-GRAVENHAGE,16,93.75,100.0,69.0,1x35,2422,68.75,31.25
11640,8716892000005,Stedin,Boylestraat,2563EJ,2563EJ,'S-GRAVENHAGE,22,95.45,90.91,73.0,1x35,2863,50.0,18.18
11641,8716892000005,Stedin,Boylestraat,2563EK,2563EK,'S-GRAVENHAGE,11,90.91,90.91,82.0,1x35,4658,36.36,9.09
11642,8716892000005,Stedin,Halleystraat,2563EL,2563EL,'S-GRAVENHAGE,18,100.0,100.0,100.0,1x35,2306,72.22,22.22
11643,8716892000005,Stedin,Halleystraat,2563EM,2563EM,'S-GRAVENHAGE,19,100.0,100.0,100.0,1x35,2008,84.21,47.37
11644,8716892000005,Stedin,Halleystraat,2563EN,2563EN,'S-GRAVENHAGE,15,100.0,100.0,93.0,1x35,1516,86.67,60.0
11645,8716892000005,Stedin,Halleystraat,2563EP,2563EP,'S-GRAVENHAGE,13,100.0,100.0,92.0,1x35,2364,69.23,46.15
11646,8716892000005,Stedin,Seringenstraat,2563GA,2563GA,'S-GRAVENHAGE,12,100.0,100.0,83.0,1x35,2001,58.33,8.33
11647,8716892000005,Stedin,Seringenstraat,2563GB,2563GB,'S-GRAVENHAGE,20,100.0,95.0,70.0,1x35,2049,70.0,20.0
11648,8716892000005,Stedin,Hulststraat,2563GC,2563GC,'S-GRAVENHAGE,41,100.0,95.12,54.0,3x25,2331,70.73,2.44
11649,8716892000005,Stedin,Meidoornstraat,2563GD,2563GE,'S-GRAVENHAGE,38,100.0,92.11,74.0,1x35,2853,44.74,10.53
11650,8716892000005,Stedin,Meidoornstraat,2563GG,2563GG,'S-GRAVENHAGE,13,100.0,100.0,85.0,1x35,2583,46.15,7.69
11651,8716892000005,Stedin,Meidoornstraat,2563GH,2563GH,'S-GRAVENHAGE,26,96.15,96.15,92.0,1x35,1904,46.15,7.69
11652,8716892000005,Stedin,Meidoornstraat,2563GJ,2563GJ,'S-GRAVENHAGE,25,100.0,96.0,96.0,1x35,2667,44.0,4.0
11653,8716892000005,Stedin,Meidoornstraat,2563GK,2563GK,'S-GRAVENHAGE,24,100.0,95.83,92.0,1x35,1948,50.0,8.33
11654,8716892000005,Stedin,Meidoornstraat,2563GL,2563GL,'S-GRAVENHAGE,15,100.0,93.33,87.0,1x35,2177,46.67,0.0
11655,8716892000005,Stedin,Valkenboskade,2563GM,2563GM,'S-GRAVENHAGE,23,95.65,100.0,91.0,1x35,2282,60.87,13.04
11656,8716892000005,Stedin,Valkenboskade,2563GN,2563GN,'S-GRAVENHAGE,23,100.0,100.0,83.0,1x35,1881,52.17,4.35
11657,8716892000005,Stedin,Valkenboskade,2563GP,2563GP,'S-GRAVENHAGE,16,100.0,93.75,94.0,1x35,2252,31.25,6.25
11658,8716892000005,Stedin,Valkenboskade,2563GR,2563GR,'S-GRAVENHAGE,27,100.0,100.0,78.0,1x35,1925,62.96,7.41
11659,8716892000005,Stedin Delfland,Valkenboskade,2563GS,2563GS,'S-GRAVENHAGE,14,100.0,92.86,79.0,1x35,1930,42.86,7.14
11660,8716892000005,Stedin,Valkenboskade,2563GT,2563GT,'S-GRAVENHAGE,20,100.0,90.0,90.0,1x35,2009,60.0,5.0
11661,8716892000005,Stedin,Valkenboskade,2563GV,2563GV,'S-GRAVENHAGE,35,100.0,100.0,97.0,1x35,2477,74.29,0.0
11662,8716892000005,Stedin,Valkenboskade,2563GW,2563GW,'S-GRAVENHAGE,24,100.0,100.0,92.0,1x35,2090,33.33,4.17
11663,8716892000005,Stedin,Valkenboskade,2563GX,2563GX,'S-GRAVENHAGE,23,100.0,95.65,87.0,1x35,2192,47.83,8.7
11664,8716892000005,Stedin,Valkenboskade,2563GZ,2563GZ,'S-GRAVENHAGE,22,100.0,90.91,73.0,1x35,2172,50.0,9.09
11665,8716892000005,Stedin,Valkenboskade,2563HA,2563HA,'S-GRAVENHAGE,24,100.0,100.0,67.0,1x35,2892,54.17,4.17
11666,8716892000005,Stedin,Valkenboskade,2563HB,2563HB,'S-GRAVENHAGE,25,100.0,96.0,84.0,1x35,2382,68.0,24.0
11667,8716892000005,Stedin,Valkenboskade,2563HC,2563HC,'S-GRAVENHAGE,17,100.0,100.0,88.0,1x35,1725,47.06,11.76
11668,8716892000005,Stedin,Valkenboskade,2563HD,2563HD,'S-GRAVENHAGE,30,96.67,100.0,87.0,1x35,2284,43.33,10.0
11669,8716892000005,Stedin,Valkenboskade,2563HE,2563HE,'S-GRAVENHAGE,21,100.0,100.0,90.0,1x35,1828,42.86,4.76
11670,8716892000005,Stedin,Valkenboskade,2563HG,2563HG,'S-GRAVENHAGE,27,100.0,96.3,78.0,1x35,3037,77.78,22.22
11671,8716892000005,Stedin,Valkenboskade,2563HH,2563HH,'S-GRAVENHAGE,27,100.0,100.0,93.0,1x35,2785,62.96,7.41
11672,8716892000005,Stedin,2e Braamstraat,2563HJ,2563HL,'S-GRAVENHAGE,32,96.88,100.0,94.0,1x35,3422,37.5,0.0
11673,8716892000005,Stedin,Maretakstraat,2563HM,2563HM,'S-GRAVENHAGE,23,100.0,100.0,87.0,1x35,2957,60.87,4.35
11674,8716892000005,Stedin,Maretakstraat,2563HN,2563HN,'S-GRAVENHAGE,12,100.0,100.0,100.0,1x35,2015,41.67,8.33
11675,8716892000005,Stedin,Maretakstraat,2563HP,2563HP,'S-GRAVENHAGE,18,100.0,100.0,100.0,1x35,1505,38.89,5.56
11676,8716892000005,Stedin,Maretakstraat,2563HR,2563HR,'S-GRAVENHAGE,19,100.0,94.74,84.0,1x35,3208,47.37,10.53
11677,8716892000005,Stedin,Maretakstraat,2563HS,2563HT,'S-GRAVENHAGE,26,100.0,100.0,81.0,1x35,2413,57.69,15.38
11678,8716892000005,Stedin,1e Braamstraat,2563HV,2563HV,'S-GRAVENHAGE,20,100.0,100.0,90.0,1x35,1803,55.0,10.0
11679,8716892000005,Stedin,Kamperfoelieplein,2563HW,2563HW,'S-GRAVENHAGE,12,100.0,100.0,83.0,1x35,10684,50.0,8.33
11680,8716892000005,Stedin Delfland,Kamperfoelieplein,2563HX,2563HX,'S-GRAVENHAGE,19,100.0,94.74,79.0,1x35,2432,52.63,10.53
11681,8716892000005,Stedin,Valkenboskade,2563JA,2563JA,'S-GRAVENHAGE,20,100.0,95.0,90.0,1x35,2551,50.0,5.0
11682,8716892000005,Stedin,Valkenboskade,2563JB,2563JB,'S-GRAVENHAGE,21,95.24,100.0,76.0,1x35,2831,71.43,9.52
11683,8716892000005,Stedin,Valkenboskade,2563JC,2563JC,'S-GRAVENHAGE,26,100.0,96.15,88.0,1x35,2571,76.92,3.85
11684,8716892000005,Stedin,Valkenboskade,2563JD,2563JD,'S-GRAVENHAGE,25,96.0,96.0,88.0,1x35,2103,40.0,8.0
11685,8716892000005,Stedin,Valkenboskade,2563JE,2563JE,'S-GRAVENHAGE,19,100.0,94.74,84.0,1x35,2292,78.95,5.26
11686,8716892000005,Stedin,Valkenboskade,2563JG,2563JG,'S-GRAVENHAGE,16,100.0,93.75,94.0,1x35,2874,56.25,31.25
11687,8716892000005,Stedin,Valkenboskade,2563JH,2563JH,'S-GRAVENHAGE,22,100.0,95.45,86.0,1x35,2356,77.27,9.09
11688,8716892000005,Stedin,Valkenboskade,2563JJ,2563JJ,'S-GRAVENHAGE,19,100.0,94.74,79.0,1x35,2683,73.68,15.79
11689,8716892000005,Stedin,Valkenboskade,2563JK,2563JK,'S-GRAVENHAGE,23,100.0,95.65,91.0,1x35,2639,73.91,4.35
11690,8716892000005,Stedin,Valkenboskade,2563JL,2563JL,'S-GRAVENHAGE,25,100.0,96.0,72.0,1x35,2218,60.0,0.0
11691,8716892000005,Stedin,Valkenboskade,2563JM,2563JM,'S-GRAVENHAGE,25,100.0,100.0,84.0,1x35,2420,36.0,8.0
11692,8716892000005,Stedin,Valkenboskade,2563JN,2563JN,'S-GRAVENHAGE,25,100.0,96.0,88.0,1x35,2897,64.0,12.0
11693,8716892000005,Stedin,Valkenboskade,2563JP,2563JP,'S-GRAVENHAGE,21,100.0,100.0,76.0,1x35,3537,47.62,9.52
11694,8716892000005,Stedin,Valkenboskade,2563JR,2563JR,'S-GRAVENHAGE,18,100.0,94.44,83.0,1x35,2213,55.56,5.56
11695,8716892000005,Stedin,Kamperfoeliestraat,2563KA,2563KA,'S-GRAVENHAGE,14,100.0,100.0,79.0,1x35,3031,35.71,14.29
11696,8716892000005,Stedin,Kamperfoeliestraat,2563KB,2563KB,'S-GRAVENHAGE,21,100.0,90.48,90.0,1x35,1843,52.38,14.29
11697,8716892000005,Stedin,Kamperfoeliestraat,2563KC,2563KC,'S-GRAVENHAGE,22,100.0,100.0,91.0,1x35,2557,27.27,9.09
11698,8716892000005,Stedin,Kamperfoeliestraat,2563KD,2563KD,'S-GRAVENHAGE,24,100.0,100.0,96.0,1x35,2203,50.0,16.67
11699,8716892000005,Stedin,Kamperfoeliestraat,2563KE,2563KE,'S-GRAVENHAGE,20,100.0,95.0,95.0,1x35,2403,80.0,5.0
11700,8716892000005,Stedin,Kamperfoeliestraat,2563KG,2563KG,'S-GRAVENHAGE,23,100.0,100.0,87.0,1x35,2175,52.17,8.7
11701,8716892000005,Stedin,Kamperfoeliestraat,2563KH,2563KH,'S-GRAVENHAGE,24,100.0,87.5,88.0,1x35,4503,58.33,8.33
11702,8716892000005,Stedin,Kamperfoeliestraat,2563KJ,2563KK,'S-GRAVENHAGE,24,100.0,95.83,83.0,1x35,4932,25.0,12.5
11703,8716892000005,Stedin,Kamperfoeliestraat,2563KL,2563KL,'S-GRAVENHAGE,25,100.0,100.0,100.0,1x35,1388,20.0,8.0
11704,8716892000005,Stedin,Kamperfoeliestraat,2563KM,2563KM,'S-GRAVENHAGE,16,100.0,100.0,88.0,1x35,1801,18.75,6.25
11705,8716892000005,Stedin,Kamperfoeliestraat,2563KN,2563KN,'S-GRAVENHAGE,15,100.0,93.33,87.0,1x35,1620,13.33,6.67
11706,8716892000005,Stedin,Lijsterbesstraat,2563KP,2563KP,'S-GRAVENHAGE,21,100.0,90.48,86.0,1x35,1811,23.81,4.76
11707,8716892000005,Stedin,Lijsterbesstraat,2563KR,2563KR,'S-GRAVENHAGE,18,100.0,100.0,72.0,1x35,3178,55.56,11.11
11708,8716892000005,Stedin,Lijsterbesstraat,2563KS,2563KS,'S-GRAVENHAGE,25,100.0,96.0,92.0,1x35,3602,40.0,12.0
11709,8716892000005,Stedin,Lijsterbesstraat,2563KT,2563KT,'S-GRAVENHAGE,25,100.0,100.0,96.0,1x35,2682,44.0,8.0
11710,8716892000005,Stedin,Lijsterbesstraat,2563KV,2563KV,'S-GRAVENHAGE,13,100.0,92.31,92.0,1x35,2540,84.62,0.0
11711,8716892000005,Stedin,Lijsterbesstraat,2563KW,2563KW,'S-GRAVENHAGE,14,92.86,100.0,57.0,1x35,4169,78.57,0.0
11712,8716892000005,Stedin,Lijsterbesplein,2563KX,2563KZ,'S-GRAVENHAGE,21,100.0,95.24,43.0,3x25,11605,80.95,33.33
11713,8716892000005,Stedin,Prunusstraat,2563NM,2563NN,'S-GRAVENHAGE,24,91.67,95.83,96.0,1x35,1537,33.33,12.5
11714,8716892000005,Stedin,Hortensiastraat,2563NP,2563NP,'S-GRAVENHAGE,20,100.0,95.0,95.0,1x35,1240,20.0,5.0
11715,8716892000005,Stedin,Hortensiastraat,2563NR,2563NR,'S-GRAVENHAGE,21,100.0,100.0,100.0,1x35,1399,33.33,9.52
11716,8716892000005,Stedin,Hortensiastraat,2563NS,2563NS,'S-GRAVENHAGE,19,100.0,100.0,100.0,1x35,1476,36.84,21.05
11717,8716892000005,Stedin,Hortensiastraat,2563NT,2563NT,'S-GRAVENHAGE,13,100.0,100.0,92.0,1x35,1895,30.77,7.69
11718,8716892000005,Stedin,Hortensiastraat,2563NV,2563NV,'S-GRAVENHAGE,37,91.89,100.0,95.0,1x35,3981,89.19,10.81
11719,8716892000005,Stedin,Hortensiastraat,2563NW,2563NW,'S-GRAVENHAGE,16,100.0,93.75,88.0,1x35,1660,50.0,6.25
11720,8716892000005,Stedin,Ribesstraat,2563NX,2563NX,'S-GRAVENHAGE,25,100.0,92.0,92.0,1x35,1225,24.0,8.0
11721,8716892000005,Stedin,Ribesstraat,2563NZ,2563NZ,'S-GRAVENHAGE,21,100.0,100.0,100.0,1x35,1699,28.57,4.76
11722,8716892000005,Stedin,Ribesstraat,2563PA,2563PA,'S-GRAVENHAGE,23,100.0,100.0,100.0,1x35,1423,8.7,0.0
11723,8716892000005,Stedin,Ribesstraat,2563PB,2563PB,'S-GRAVENHAGE,15,100.0,100.0,93.0,1x35,1493,6.67,0.0
11724,8716892000005,Stedin,Ribesstraat,2563PC,2563PC,'S-GRAVENHAGE,23,100.0,100.0,96.0,1x35,1586,21.74,13.04
11725,8716892000005,Stedin,Ribesstraat,2563PD,2563PD,'S-GRAVENHAGE,20,100.0,100.0,100.0,1x35,1653,25.0,25.0
11726,8716892000005,Stedin,Ribesstraat,2563PE,2563PE,'S-GRAVENHAGE,25,100.0,96.0,84.0,1x35,1543,52.0,24.0
11727,8716892000005,Stedin,Weigeliaplein,2563PG,2563PG,'S-GRAVENHAGE,23,100.0,91.3,96.0,1x35,1752,17.39,4.35
11728,8716892000005,Stedin,Weigeliaplein,2563PH,2563PH,'S-GRAVENHAGE,23,100.0,100.0,100.0,1x35,1423,8.7,4.35
11729,8716892000005,Stedin,Weigeliaplein,2563PJ,2563PJ,'S-GRAVENHAGE,21,100.0,100.0,95.0,1x35,1884,14.29,4.76
11730,8716892000005,Stedin,Weigeliaplein,2563PK,2563PK,'S-GRAVENHAGE,25,100.0,100.0,96.0,1x35,1201,8.0,8.0
11731,8716892000005,Stedin,Weigeliaplein,2563PL,2563PL,'S-GRAVENHAGE,17,100.0,100.0,94.0,1x35,1551,11.76,5.88
11732,8716892000005,Stedin,Weigeliaplein,2563PM,2563PM,'S-GRAVENHAGE,18,100.0,100.0,100.0,1x35,1761,22.22,5.56
11733,8716892000005,Stedin,Weigeliaplein,2563PN,2563PN,'S-GRAVENHAGE,19,100.0,100.0,100.0,1x35,1409,15.79,10.53
11734,8716892000005,Stedin,Lavendelstraat,2563PP,2563PP,'S-GRAVENHAGE,24,100.0,95.83,92.0,1x35,1988,62.5,33.33
11735,8716892000005,Stedin,Lavendelstraat,2563PR,2563PR,'S-GRAVENHAGE,26,96.15,96.15,85.0,1x35,2303,57.69,3.85
11736,8716892000005,Stedin,Lavendelstraat,2563PS,2563PS,'S-GRAVENHAGE,24,100.0,87.5,75.0,1x35,1690,45.83,8.33
11737,8716892000005,Stedin,Lavendelstraat,2563PT,2563PT,'S-GRAVENHAGE,25,92.0,92.0,80.0,1x35,2004,56.0,16.0
11738,8716892000005,Stedin,Watervlierstraat,2563PV,2563PV,'S-GRAVENHAGE,13,100.0,100.0,77.0,1x35,2252,38.46,0.0
11739,8716892000005,Stedin,Watervlierstraat,2563PW,2563PW,'S-GRAVENHAGE,14,100.0,100.0,86.0,1x35,2383,28.57,7.14
11740,8716892000005,Stedin,Watervlierstraat,2563PX,2563PX,'S-GRAVENHAGE,12,100.0,91.67,83.0,1x35,2165,25.0,8.33
11741,8716892000005,Stedin,Watervlierstraat,2563PZ,2563PZ,'S-GRAVENHAGE,19,100.0,94.74,89.0,1x35,2523,26.32,5.26
11742,8716892000005,Stedin,Heesterstraat,2563RA,2563RA,'S-GRAVENHAGE,25,100.0,92.0,100.0,1x35,1721,36.0,8.0
11743,8716892000005,Stedin,Heesterstraat,2563RB,2563RB,'S-GRAVENHAGE,23,95.65,100.0,91.0,1x35,3936,34.78,4.35
11744,8716892000005,Stedin,Heesterstraat,2563RC,2563RC,'S-GRAVENHAGE,22,100.0,95.45,100.0,1x35,2259,40.91,13.64
11745,8716892000005,Stedin,Heesterstraat,2563RD,2563RD,'S-GRAVENHAGE,23,100.0,91.3,83.0,1x35,2275,60.87,4.35
11746,8716892000005,Stedin,Indigostraat,2563RE,2563RE,'S-GRAVENHAGE,26,100.0,96.15,92.0,1x35,1971,30.77,11.54
11747,8716892000005,Stedin,Indigostraat,2563RG,2563RG,'S-GRAVENHAGE,20,100.0,100.0,80.0,1x35,2048,50.0,10.0
11748,8716892000005,Stedin,Indigostraat,2563RH,2563RH,'S-GRAVENHAGE,20,100.0,90.0,95.0,1x35,1749,15.0,15.0
11749,8716892000005,Stedin,Indigostraat,2563RJ,2563RJ,'S-GRAVENHAGE,25,100.0,96.0,84.0,1x35,2215,40.0,0.0
11750,8716892000005,Stedin,Indigostraat,2563RK,2563RK,'S-GRAVENHAGE,26,100.0,100.0,96.0,1x35,2420,46.15,3.85
11751,8716892000005,Stedin,Rabarberstraat,2563RL,2563RM,'S-GRAVENHAGE,31,100.0,90.32,97.0,1x35,1846,38.71,9.68
11752,8716892000005,Stedin,Rabarberstraat,2563RN,2563RN,'S-GRAVENHAGE,24,100.0,100.0,96.0,1x35,1728,41.67,12.5
11753,8716892000005,Stedin,Rabarberstraat,2563RP,2563RP,'S-GRAVENHAGE,19,100.0,100.0,84.0,1x35,1987,36.84,5.26
11754,8716892000005,Stedin,Jasmijnstraat,2563RR,2563RR,'S-GRAVENHAGE,21,100.0,100.0,76.0,1x35,3131,66.67,28.57
11755,8716892000005,Stedin,Jasmijnstraat,2563RS,2563RS,'S-GRAVENHAGE,25,100.0,88.0,88.0,1x35,2229,40.0,12.0
11756,8716892000005,Stedin,Jasmijnstraat,2563RT,2563RT,'S-GRAVENHAGE,24,100.0,100.0,88.0,1x35,1852,33.33,12.5
11757,8716892000005,Stedin,Jasmijnstraat,2563RV,2563RV,'S-GRAVENHAGE,19,100.0,100.0,89.0,1x35,1709,47.37,0.0
11758,8716892000005,Stedin,Jasmijnstraat,2563RW,2563RW,'S-GRAVENHAGE,17,100.0,100.0,82.0,1x35,3872,76.47,29.41
11759,8716892000005,Stedin,Jasmijnstraat,2563RX,2563RX,'S-GRAVENHAGE,23,100.0,95.65,91.0,1x35,1979,69.57,4.35
11760,8716892000005,Stedin,Jasmijnstraat,2563RZ,2563RZ,'S-GRAVENHAGE,19,100.0,100.0,89.0,1x35,2050,36.84,10.53
11761,8716892000005,Stedin,Laurierstraat,2563SB,2563SB,'S-GRAVENHAGE,23,100.0,95.65,87.0,1x35,2199,52.17,13.04
11762,8716892000005,Stedin,Laurierstraat,2563SC,2563SC,'S-GRAVENHAGE,25,100.0,100.0,100.0,1x35,1641,28.0,8.0
11763,8716892000005,Stedin,Laurierstraat,2563SE,2563SE,'S-GRAVENHAGE,23,100.0,100.0,100.0,1x35,2249,47.83,8.7
11764,8716892000005,Stedin,Laurierstraat,2563SG,2563SG,'S-GRAVENHAGE,24,91.67,95.83,83.0,1x35,1891,25.0,16.67
11765,8716892000005,Stedin,Laurierstraat,2563SH,2563SH,'S-GRAVENHAGE,25,100.0,92.0,84.0,1x35,2028,44.0,4.0
11766,8716892000005,Stedin,Laurierstraat,2563SJ,2563SJ,'S-GRAVENHAGE,23,100.0,100.0,87.0,1x35,2160,65.22,30.43
11767,8716892000005,Stedin,Laurierstraat,2563SK,2563SK,'S-GRAVENHAGE,15,100.0,93.33,93.0,1x35,2048,60.0,6.67
11768,8716892000005,Stedin,Spiraeastraat,2563SL,2563SL,'S-GRAVENHAGE,23,100.0,95.65,87.0,1x35,1989,34.78,4.35
11769,8716892000005,Stedin,Spiraeastraat,2563SM,2563SM,'S-GRAVENHAGE,19,100.0,94.74,95.0,1x35,2525,47.37,15.79
11770,8716892000005,Stedin,Spiraeastraat,2563SN,2563SN,'S-GRAVENHAGE,13,100.0,100.0,92.0,1x35,1998,61.54,0.0
11771,8716892000005,Stedin,Spiraeastraat,2563SP,2563SP,'S-GRAVENHAGE,23,100.0,100.0,87.0,1x35,1849,30.43,4.35
11772,8716892000005,Stedin,Spiraeastraat,2563SR,2563SR,'S-GRAVENHAGE,21,95.24,95.24,90.0,1x35,1552,52.38,14.29
11773,8716892000005,Stedin,Spiraeastraat,2563ST,2563ST,'S-GRAVENHAGE,10,100.0,90.0,90.0,1x35,1827,60.0,0.0
11774,8716892000005,Stedin,Rhododendronstraat,2563SV,2563SV,'S-GRAVENHAGE,19,100.0,100.0,95.0,1x35,1591,36.84,10.53
11775,8716892000005,Stedin,Rhododendronstraat,2563SW,2563SW,'S-GRAVENHAGE,27,100.0,96.3,89.0,1x35,1737,48.15,11.11
11776,8716892000005,Stedin,Rhododendronstraat,2563SX,2563SX,'S-GRAVENHAGE,18,100.0,100.0,100.0,1x35,1665,38.89,0.0
11777,8716892000005,Stedin,Rhododendronstraat,2563SZ,2563SZ,'S-GRAVENHAGE,12,100.0,100.0,100.0,1x35,1684,58.33,16.67
11778,8716892000005,Stedin,Rhododendronstraat,2563TA,2563TA,'S-GRAVENHAGE,18,100.0,100.0,78.0,1x35,2059,61.11,5.56
11779,8716892000005,Stedin,Rhododendronstraat,2563TB,2563TB,'S-GRAVENHAGE,22,100.0,100.0,82.0,1x35,1875,59.09,9.09
11780,8716892000005,Stedin,Rhododendronstraat,2563TC,2563TC,'S-GRAVENHAGE,14,100.0,100.0,100.0,1x35,2455,50.0,0.0
11781,8716892000005,Stedin,Rhododendronstraat,2563TD,2563TD,'S-GRAVENHAGE,17,100.0,94.12,94.0,1x35,1525,35.29,11.76
11782,8716892000005,Stedin,Maagdepalmstraat,2563TE,2563TE,'S-GRAVENHAGE,21,100.0,100.0,95.0,1x35,2185,28.57,9.52
11783,8716892000005,Stedin,Maagdepalmstraat,2563TG,2563TG,'S-GRAVENHAGE,24,100.0,100.0,100.0,1x35,2200,25.0,0.0
11784,8716892000005,Stedin,Maagdepalmstraat,2563TH,2563TH,'S-GRAVENHAGE,18,100.0,100.0,89.0,1x35,2057,11.11,0.0
11785,8716892000005,Stedin,Maagdepalmstraat,2563TJ,2563TJ,'S-GRAVENHAGE,12,100.0,100.0,100.0,1x35,2244,25.0,8.33
11786,8716892000005,Stedin,3e Braamstraat,2563TK,2563TK,'S-GRAVENHAGE,20,100.0,100.0,90.0,1x35,2131,35.0,5.0
11787,8716892000005,Stedin,3e Braamstraat,2563TL,2563TL,'S-GRAVENHAGE,19,100.0,100.0,100.0,1x35,2548,15.79,0.0
11788,8716892000005,Stedin,Boksdoornstraat,2563TM,2563TM,'S-GRAVENHAGE,12,100.0,100.0,83.0,1x35,2396,33.33,0.0
11789,8716892000005,Stedin,Boksdoornstraat,2563TN,2563TN,'S-GRAVENHAGE,18,100.0,100.0,100.0,1x35,2368,27.78,0.0
11790,8716892000005,Stedin,Boksdoornstraat,2563TP,2563TP,'S-GRAVENHAGE,18,100.0,100.0,100.0,1x35,1652,44.44,11.11
11791,8716892000005,Stedin,Boksdoornstraat,2563TR,2563TR,'S-GRAVENHAGE,14,100.0,100.0,86.0,1x35,2413,64.29,14.29
11792,8716892000005,Stedin,Boksdoornstraat,2563TS,2563TS,'S-GRAVENHAGE,15,100.0,93.33,80.0,1x35,2424,80.0,13.33
11793,8716892000005,Stedin,Gagelplein,2563TT,2563TT,'S-GRAVENHAGE,23,100.0,100.0,78.0,1x35,2324,60.87,13.04
11794,8716892000005,Stedin,Gagelplein,2563TV,2563TV,'S-GRAVENHAGE,18,100.0,100.0,94.0,1x35,2225,66.67,16.67
11795,8716892000005,Stedin,Gagelplein,2563TW,2563TW,'S-GRAVENHAGE,12,100.0,100.0,100.0,1x35,2943,66.67,8.33
11796,8716892000005,Stedin,Verlengde 2e Braamstraat,2563TX,2563TZ,'S-GRAVENHAGE,17,100.0,100.0,88.0,1x35,5013,47.06,5.88
11797,8716892000005,Stedin,Ligusterstraat,2563VA,2563VA,'S-GRAVENHAGE,23,95.65,100.0,91.0,1x35,2212,100.0,91.3
11798,8716892000005,Stedin,Ligusterstraat,2563VB,2563VB,'S-GRAVENHAGE,19,100.0,100.0,79.0,1x35,2454,100.0,78.95
11799,8716892000005,Stedin,Ligusterstraat,2563VC,2563VC,'S-GRAVENHAGE,14,100.0,100.0,93.0,1x35,2797,78.57,64.29
11800,8716892000005,Stedin,Ligusterstraat,2563VD,2563VD,'S-GRAVENHAGE,23,95.65,100.0,83.0,1x35,2259,82.61,78.26
11801,8716892000005,Stedin,Ligusterstraat,2563VE,2563VE,'S-GRAVENHAGE,18,100.0,100.0,89.0,1x35,2695,100.0,94.44
11802,8716892000005,Stedin,Ligusterstraat,2563VG,2563VG,'S-GRAVENHAGE,13,100.0,100.0,85.0,1x35,2792,92.31,84.62
11803,8716892000005,Stedin,Hazelaarstraat,2563VH,2563VH,'S-GRAVENHAGE,23,100.0,100.0,78.0,1x35,2529,78.26,34.78
11804,8716892000005,Stedin,Hazelaarstraat,2563VJ,2563VJ,'S-GRAVENHAGE,20,95.0,100.0,95.0,1x35,2578,70.0,35.0
11805,8716892000005,Stedin,Hazelaarstraat,2563VK,2563VK,'S-GRAVENHAGE,25,96.0,96.0,92.0,1x35,3048,56.0,4.0
11806,8716892000005,Stedin,Hazelaarstraat,2563VL,2563VL,'S-GRAVENHAGE,25,100.0,100.0,92.0,1x35,2719,72.0,56.0
11807,8716892000005,Stedin,Hazelaarstraat,2563VM,2563VM,'S-GRAVENHAGE,25,100.0,100.0,92.0,1x35,2370,56.0,8.0
11808,8716892000005,Stedin,Hazelaarstraat,2563VN,2563VN,'S-GRAVENHAGE,16,100.0,100.0,100.0,1x35,1957,31.25,6.25
11809,8716892000005,Stedin,Hazelaarstraat,2563VP,2563VV,'S-GRAVENHAGE,26,100.0,100.0,88.0,1x35,2109,61.54,53.85
11810,8716892000005,Stedin,Frederik Ruyschstraat,2563VW,2563VW,'S-GRAVENHAGE,17,100.0,100.0,82.0,1x35,2132,76.47,64.71
11811,8716892000005,Stedin,Frederik Ruyschstraat,2563VX,2563VX,'S-GRAVENHAGE,18,100.0,100.0,94.0,1x35,2117,83.33,66.67
11812,8716892000005,Stedin,Frederik Ruyschstraat,2563VZ,2563VZ,'S-GRAVENHAGE,10,100.0,100.0,90.0,1x35,2221,60.0,60.0
11813,8716892000005,Stedin,Govert Bidloostraat,2563XC,2563XC,'S-GRAVENHAGE,22,100.0,100.0,73.0,1x35,2225,86.36,59.09
11814,8716892000005,Stedin,Govert Bidloostraat,2563XD,2563XD,'S-GRAVENHAGE,21,100.0,95.24,86.0,1x35,2511,61.9,33.33
11815,8716892000005,Stedin,Govert Bidloostraat,2563XE,2563XE,'S-GRAVENHAGE,18,100.0,94.44,78.0,1x35,2133,83.33,55.56
11816,8716892000005,Stedin,Govert Bidloostraat,2563XG,2563XG,'S-GRAVENHAGE,26,96.15,100.0,54.0,1x35,3239,96.15,53.85
11817,8716892000005,Stedin,Govert Bidloostraat,2563XH,2563XH,'S-GRAVENHAGE,21,100.0,95.24,90.0,1x35,2304,90.48,71.43
11818,8716892000005,Stedin,Govert Bidloostraat,2563XJ,2563XJ,'S-GRAVENHAGE,17,94.12,94.12,94.0,1x35,1855,94.12,76.47
11819,8716892000005,Stedin,Nicolaas Tulpstraat,2563XK,2563XK,'S-GRAVENHAGE,24,100.0,100.0,92.0,1x35,1833,66.67,50.0
11820,8716892000005,Stedin,Nicolaas Tulpstraat,2563XL,2563XL,'S-GRAVENHAGE,27,100.0,88.89,85.0,1x35,2497,62.96,44.44
11821,8716892000005,Stedin,Nicolaas Tulpstraat,2563XM,2563XM,'S-GRAVENHAGE,23,100.0,100.0,91.0,1x35,1989,82.61,69.57
11822,8716892000005,Stedin,Nicolaas Tulpstraat,2563XN,2563XN,'S-GRAVENHAGE,24,100.0,100.0,96.0,1x35,2430,79.17,75.0
11823,8716892000005,Stedin,Hendrik van Deventerstr,2563XP,2563XP,'S-GRAVENHAGE,25,100.0,96.0,84.0,1x35,2540,28.0,12.0
11824,8716892000005,Stedin,Hendrik van Deventerstr,2563XR,2563XR,'S-GRAVENHAGE,29,100.0,100.0,93.0,1x35,2211,48.28,10.34
11825,8716892000005,Stedin,Hendrik van Deventerstr,2563XS,2563XS,'S-GRAVENHAGE,26,100.0,96.15,88.0,1x35,1756,42.31,0.0
11826,8716892000005,Stedin,Hendrik van Deventerstr,2563XT,2563XT,'S-GRAVENHAGE,22,95.45,100.0,95.0,1x35,1984,72.73,59.09
11827,8716892000005,Stedin,Hendrik van Deventerstr,2563XV,2563XV,'S-GRAVENHAGE,14,100.0,92.86,86.0,1x35,1762,85.71,64.29
11828,8716892000005,Stedin,Hendrik van Deventerstr,2563XW,2563XW,'S-GRAVENHAGE,19,100.0,100.0,100.0,1x35,1730,73.68,63.16
11829,8716892000005,Stedin,Hendrik van Deventerstr,2563XX,2563XX,'S-GRAVENHAGE,19,100.0,100.0,84.0,1x35,1942,63.16,42.11
11830,8716892000005,Stedin,Hendrik van Deventerstr,2563XZ,2563XZ,'S-GRAVENHAGE,19,94.74,100.0,100.0,1x35,2731,73.68,15.79
11831,8716892000005,Stedin,Buijs Ballotstraat,2563ZH,2563ZH,'S-GRAVENHAGE,18,94.44,94.44,50.0,3x25,2721,72.22,5.56
11832,8716892000005,Stedin,Buijs Ballotstraat,2563ZJ,2563ZJ,'S-GRAVENHAGE,15,73.33,100.0,53.0,1x35,3643,66.67,6.67
11833,8716892000005,Stedin,Buijs Ballotstraat,2563ZK,2563ZK,'S-GRAVENHAGE,20,85.0,95.0,50.0,1x35,3189,60.0,20.0
11834,8716892000005,Stedin,Buijs Ballotstraat,2563ZL,2563ZL,'S-GRAVENHAGE,22,100.0,100.0,64.0,1x35,3195,72.73,9.09
11835,8716892000005,Stedin,Buijs Ballotstraat,2563ZM,2563ZM,'S-GRAVENHAGE,19,89.47,94.74,84.0,1x35,2897,68.42,15.79
11836,8716892000005,Stedin,Buijs Ballotstraat,2563ZN,2563ZN,'S-GRAVENHAGE,13,100.0,92.31,69.0,1x35,2710,53.85,15.38
11837,8716892000005,Stedin,Amperestraat,2563ZP,2563ZP,'S-GRAVENHAGE,25,100.0,92.0,96.0,1x35,2206,92.0,72.0
11838,8716892000005,Stedin,Amperestraat,2563ZR,2563ZR,'S-GRAVENHAGE,25,100.0,100.0,92.0,1x35,2126,72.0,60.0
11839,8716892000005,Stedin,Amperestraat,2563ZS,2563ZS,'S-GRAVENHAGE,23,100.0,82.61,65.0,1x35,3215,56.52,4.35
11840,8716892000005,Stedin,Amperestraat,2563ZT,2563ZT,'S-GRAVENHAGE,26,100.0,100.0,81.0,1x35,2475,80.77,34.62
11841,8716892000005,Stedin,Amperestraat,2563ZV,2563ZV,'S-GRAVENHAGE,26,100.0,96.15,85.0,1x35,2178,57.69,23.08
11842,8716892000005,Stedin,Amperestraat,2563ZW,2563ZW,'S-GRAVENHAGE,23,100.0,100.0,74.0,1x35,2210,69.57,21.74
11843,8716892000005,Stedin,Amperestraat,2563ZX,2563ZX,'S-GRAVENHAGE,16,100.0,100.0,100.0,1x35,1611,50.0,43.75
11844,8716892000005,Stedin,Amperestraat,2563ZZ,2563ZZ,'S-GRAVENHAGE,19,100.0,94.74,100.0,1x35,1450,52.63,21.05
11845,8716892000005,Stedin,Vreeswijkstraat,2564AA,2564AA,'S-GRAVENHAGE,21,95.24,95.24,48.0,1x35,6278,71.43,9.52
11846,8716892000005,Stedin,Laan van Meerdervoort,2564AB,2564AB,'S-GRAVENHAGE,23,56.52,95.65,57.0,3x25,4409,78.26,26.09
11847,8716892000005,Stedin,Laan van Meerdervoort,2564AC,2564AC,'S-GRAVENHAGE,18,83.33,100.0,67.0,3x25,3919,77.78,16.67
11848,8716892000005,Stedin,Laan van Meerdervoort,2564AD,2564AD,'S-GRAVENHAGE,17,76.47,100.0,65.0,3x25,4888,88.24,17.65
11849,8716892000005,Stedin,Laan van Meerdervoort,2564AE,2564AE,'S-GRAVENHAGE,21,90.48,95.24,52.0,3x25,3584,76.19,14.29
11850,8716892000005,Stedin,Laan van Meerdervoort,2564AG,2564AG,'S-GRAVENHAGE,24,91.67,100.0,63.0,3x25,3821,75.0,4.17
11851,8716892000005,Stedin,Laan van Meerdervoort,2564AH,2564AH,'S-GRAVENHAGE,23,86.96,95.65,61.0,3x25,3626,73.91,26.09
11852,8716892000005,Stedin,Laan van Meerdervoort,2564AJ,2564AJ,'S-GRAVENHAGE,22,100.0,100.0,64.0,3x25,4449,100.0,9.09
11853,8716892000005,Stedin,Laan van Meerdervoort,2564AK,2564AK,'S-GRAVENHAGE,26,100.0,80.77,50.0,1x35,4383,57.69,0.0
11854,8716892000005,Stedin,Laan van Meerdervoort,2564AL,2564AL,'S-GRAVENHAGE,18,94.44,100.0,89.0,3x25,5760,94.44,11.11
11855,8716892000005,Stedin,Laan van Meerdervoort,2564AM,2564AM,'S-GRAVENHAGE,24,87.5,100.0,71.0,3x25,5681,83.33,12.5
11856,8716892000005,Stedin,Laan van Meerdervoort,2564AN,2564AN,'S-GRAVENHAGE,18,83.33,94.44,72.0,3x25,3614,77.78,22.22
11857,8716892000005,Stedin,Laan van Meerdervoort,2564AP,2564AP,'S-GRAVENHAGE,22,86.36,100.0,64.0,3x25,3215,95.45,18.18
11858,8716892000005,Stedin,Laan van Meerdervoort,2564AR,2564AR,'S-GRAVENHAGE,23,95.65,100.0,74.0,3x25,4056,78.26,17.39
11859,8716892000005,Stedin,Laan van Meerdervoort,2564AS,2564AS,'S-GRAVENHAGE,26,92.31,96.15,58.0,3x25,3926,92.31,30.77
11860,8716892000005,Stedin,Laan van Meerdervoort,2564AT,2564AT,'S-GRAVENHAGE,28,100.0,100.0,64.0,1x35,3434,71.43,10.71
11861,8716892000005,Stedin,Laan van Meerdervoort,2564AV,2564AV,'S-GRAVENHAGE,26,100.0,100.0,58.0,1x35,2790,50.0,0.0
11862,8716892000005,Stedin,Laan van Meerdervoort,2564AW,2564AW,'S-GRAVENHAGE,26,100.0,100.0,58.0,1x35,3617,84.62,3.85
11863,8716892000005,Stedin,Laan van Meerdervoort,2564AX,2564AX,'S-GRAVENHAGE,19,100.0,94.74,74.0,1x35,3135,89.47,5.26
11864,8716892000005,Stedin,Laan van Meerdervoort,2564AZ,2564AZ,'S-GRAVENHAGE,22,100.0,100.0,86.0,1x35,2319,90.91,18.18
11865,8716892000005,Stedin,Kersenstraat,2564BA,2564BE,'S-GRAVENHAGE,26,100.0,96.15,69.0,1x35,2591,65.38,3.85
11866,8716892000005,Stedin,Thorbeckelaan,2564BG,2564BG,'S-GRAVENHAGE,21,100.0,100.0,62.0,1x35,2541,80.95,4.76
11867,8716892000005,Stedin,Thorbeckelaan,2564BH,2564BH,'S-GRAVENHAGE,21,100.0,100.0,86.0,1x35,3143,47.62,4.76
11868,8716892000005,Stedin,Thorbeckelaan,2564BJ,2564BJ,'S-GRAVENHAGE,26,100.0,92.31,73.0,1x35,2841,69.23,3.85
11869,8716892000005,Stedin,Thorbeckelaan,2564BK,2564BK,'S-GRAVENHAGE,25,100.0,100.0,76.0,1x35,3129,80.0,16.0
11870,8716892000005,Stedin,Thorbeckelaan,2564BL,2564BL,'S-GRAVENHAGE,26,100.0,100.0,88.0,1x35,2934,61.54,11.54
11871,8716892000005,Stedin,Thorbeckelaan,2564BM,2564BM,'S-GRAVENHAGE,18,100.0,100.0,72.0,1x35,3027,61.11,11.11
11872,8716892000005,Stedin,Thorbeckelaan,2564BN,2564BN,'S-GRAVENHAGE,19,100.0,94.74,63.0,1x35,5790,73.68,0.0
11873,8716892000005,Stedin,Thorbeckelaan,2564BP,2564BP,'S-GRAVENHAGE,18,100.0,94.44,94.0,1x35,3285,66.67,5.56
11874,8716892000005,Stedin,Thorbeckelaan,2564BR,2564BR,'S-GRAVENHAGE,17,100.0,94.12,76.0,1x35,2740,76.47,11.76
11875,8716892000005,Stedin,Thorbeckelaan,2564BS,2564BS,'S-GRAVENHAGE,19,100.0,100.0,63.0,1x35,3298,78.95,10.53
11876,8716892000005,Stedin,Thorbeckelaan,2564BT,2564BT,'S-GRAVENHAGE,23,100.0,100.0,70.0,1x35,3273,86.96,0.0
11877,8716892000005,Stedin,Thorbeckelaan,2564BV,2564BV,'S-GRAVENHAGE,24,100.0,100.0,92.0,1x35,2600,62.5,4.17
11878,8716892000005,Stedin,Thorbeckelaan,2564BW,2564BW,'S-GRAVENHAGE,23,100.0,95.65,70.0,1x35,3265,69.57,4.35
11879,8716892000005,Stedin,Thorbeckelaan,2564BX,2564BX,'S-GRAVENHAGE,16,100.0,100.0,56.0,3x25,3481,68.75,0.0
11880,8716892000005,Stedin Delfland,Thorbeckelaan,2564BZ,2564BZ,'S-GRAVENHAGE,240,100.0,50.83,96.0,1x35,3148,96.67,15.42
11881,8716892000005,Stedin,Thorbeckelaan,2564CA,2564CA,'S-GRAVENHAGE,20,100.0,100.0,50.0,3x25,3804,90.0,5.0
11882,8716892000005,Stedin,Thorbeckelaan,2564CB,2564CB,'S-GRAVENHAGE,21,100.0,95.24,71.0,1x35,3034,95.24,0.0
11883,8716892000005,Stedin,Thorbeckelaan,2564CC,2564CC,'S-GRAVENHAGE,20,100.0,100.0,75.0,1x35,3058,80.0,10.0
11884,8716892000005,Stedin,Thorbeckelaan,2564CD,2564CD,'S-GRAVENHAGE,27,96.3,100.0,85.0,1x35,2150,81.48,7.41
11885,8716892000005,Stedin,Thorbeckelaan,2564CE,2564CE,'S-GRAVENHAGE,27,100.0,100.0,70.0,1x35,2760,77.78,7.41
11886,8716892000005,Stedin,Thorbeckelaan,2564CG,2564CG,'S-GRAVENHAGE,22,100.0,100.0,73.0,1x35,3327,95.45,18.18
11887,8716892000005,Stedin,Thorbeckelaan,2564CH,2564CH,'S-GRAVENHAGE,18,100.0,100.0,67.0,1x35,3896,83.33,11.11
11888,8716892000005,Stedin,Thorbeckelaan,2564CJ,2564CJ,'S-GRAVENHAGE,25,100.0,100.0,88.0,1x35,2395,92.0,8.0
11889,8716892000005,Stedin,Tomatenstraat,2564CK,2564CK,'S-GRAVENHAGE,19,100.0,100.0,79.0,1x35,2761,52.63,10.53
11890,8716892000005,Stedin,Tomatenstraat,2564CL,2564CL,'S-GRAVENHAGE,20,100.0,100.0,90.0,1x35,2513,55.0,5.0
11891,8716892000005,Stedin,Tomatenstraat,2564CM,2564CM,'S-GRAVENHAGE,22,100.0,100.0,68.0,1x35,3365,59.09,9.09
11892,8716892000005,Stedin,Tomatenstraat,2564CN,2564CN,'S-GRAVENHAGE,25,96.0,100.0,60.0,1x35,2779,68.0,20.0
11893,8716892000005,Stedin,Tomatenstraat,2564CP,2564CP,'S-GRAVENHAGE,21,90.48,100.0,67.0,1x35,3575,61.9,19.05
11894,8716892000005,Stedin,Tomatenstraat,2564CR,2564CR,'S-GRAVENHAGE,20,95.0,100.0,55.0,1x35,3967,70.0,10.0
11895,8716892000005,Stedin,Tomatenstraat,2564CS,2564CS,'S-GRAVENHAGE,22,95.45,100.0,73.0,1x35,3457,68.18,18.18
11896,8716892000005,Stedin,Tomatenstraat,2564CT,2564CT,'S-GRAVENHAGE,23,100.0,100.0,78.0,1x35,2921,65.22,13.04
11897,8716892000005,Stedin,Tomatenstraat,2564CV,2564CV,'S-GRAVENHAGE,26,100.0,100.0,69.0,1x35,2606,65.38,3.85
11898,8716892000005,Stedin,Tomatenstraat,2564CW,2564CW,'S-GRAVENHAGE,23,95.65,100.0,70.0,1x35,2719,73.91,0.0
11899,8716892000005,Stedin,Tomatenstraat,2564CX,2564CX,'S-GRAVENHAGE,23,95.65,100.0,65.0,1x35,2989,73.91,13.04
11900,8716892000005,Stedin,Tomatenstraat,2564CZ,2564CZ,'S-GRAVENHAGE,24,79.17,100.0,79.0,1x35,3015,62.5,12.5
11901,8716892000005,Stedin,Appelstraat,2564EA,2564EA,'S-GRAVENHAGE,25,100.0,100.0,64.0,1x35,3288,68.0,4.0
11902,8716892000005,Stedin,Appelstraat,2564EB,2564EB,'S-GRAVENHAGE,19,100.0,100.0,68.0,1x35,5144,78.95,15.79
11903,8716892000005,Stedin,Appelstraat,2564EC,2564EC,'S-GRAVENHAGE,20,100.0,100.0,70.0,1x35,4528,50.0,5.0
11904,8716892000005,Stedin,Appelstraat,2564ED,2564ED,'S-GRAVENHAGE,21,100.0,95.24,48.0,1x35,4529,52.38,14.29
11905,8716892000005,Stedin,Appelstraat,2564EE,2564EE,'S-GRAVENHAGE,26,100.0,100.0,73.0,1x35,2167,69.23,11.54
11906,8716892000005,Stedin,Appelstraat,2564EG,2564EG,'S-GRAVENHAGE,18,100.0,100.0,61.0,1x35,3404,50.0,0.0
11907,8716892000005,Stedin,Appelstraat,2564EH,2564EH,'S-GRAVENHAGE,20,100.0,100.0,75.0,1x35,3135,80.0,10.0
11908,8716892000005,Stedin Delfland,Appelstraat,2564EJ,2564EJ,'S-GRAVENHAGE,29,100.0,96.55,72.0,1x35,3845,48.28,10.34
11909,8716892000005,Stedin,Appelstraat,2564EK,2564EK,'S-GRAVENHAGE,24,100.0,95.83,92.0,1x35,2106,54.17,4.17
11910,8716892000005,Stedin,Appelstraat,2564EL,2564EL,'S-GRAVENHAGE,25,96.0,100.0,68.0,1x35,5540,64.0,28.0
11911,8716892000005,Stedin,Sinaasappelstraat,2564EM,2564EM,'S-GRAVENHAGE,18,100.0,100.0,89.0,1x35,2247,44.44,11.11
11912,8716892000005,Stedin,Sinaasappelstraat,2564EN,2564EN,'S-GRAVENHAGE,17,100.0,94.12,71.0,1x35,4169,41.18,0.0
11913,8716892000005,Stedin,Sinaasappelstraat,2564EP,2564EP,'S-GRAVENHAGE,18,100.0,100.0,44.0,1x35,4262,61.11,11.11
11914,8716892000005,Stedin,Sinaasappelstraat,2564ER,2564ER,'S-GRAVENHAGE,29,93.1,100.0,83.0,1x35,2380,51.72,3.45
11915,8716892000005,Stedin,Sinaasappelstraat,2564ES,2564ES,'S-GRAVENHAGE,22,100.0,95.45,82.0,1x35,2834,68.18,4.55
11916,8716892000005,Stedin,Sinaasappelstraat,2564ET,2564ET,'S-GRAVENHAGE,18,100.0,100.0,78.0,1x35,2949,66.67,16.67
11917,8716892000005,Stedin,Amandelstraat,2564EV,2564EV,'S-GRAVENHAGE,19,100.0,94.74,84.0,1x35,2012,52.63,5.26
11918,8716892000005,Stedin,Amandelstraat,2564EW,2564EW,'S-GRAVENHAGE,19,100.0,100.0,95.0,1x35,1973,36.84,5.26
11919,8716892000005,Stedin,Amandelstraat,2564EX,2564EX,'S-GRAVENHAGE,28,100.0,96.43,82.0,1x35,2480,42.86,0.0
11920,8716892000005,Stedin,Amandelstraat,2564EZ,2564EZ,'S-GRAVENHAGE,25,100.0,100.0,88.0,1x35,2477,64.0,12.0
11921,8716892000005,Stedin,Amandelstraat,2564GA,2564GA,'S-GRAVENHAGE,29,100.0,96.55,90.0,1x35,2503,58.62,10.34
11922,8716892000005,Stedin,Laan van Eik en Duinen,2564GL,2564GL,'S-GRAVENHAGE,31,100.0,93.55,84.0,1x35,2436,25.81,3.23
11923,8716892000005,Stedin,Laan van Eik en Duinen,2564GM,2564GN,'S-GRAVENHAGE,34,100.0,100.0,71.0,1x35,3875,55.88,8.82
11924,8716892000005,Stedin,Laan van Eik en Duinen,2564GP,2564GR,'S-GRAVENHAGE,22,100.0,90.91,73.0,1x35,2689,63.64,13.64
11925,8716892000005,Stedin,Laan van Eik en Duinen,2564GS,2564GS,'S-GRAVENHAGE,16,100.0,100.0,56.0,1x35,3550,62.5,12.5
11926,8716892000005,Stedin,Laan van Eik en Duinen,2564GT,2564GT,'S-GRAVENHAGE,23,100.0,91.3,70.0,1x35,6239,60.87,4.35
11927,8716892000005,Stedin,Laan van Eik en Duinen,2564GV,2564GV,'S-GRAVENHAGE,17,100.0,100.0,53.0,1x35,3048,58.82,11.76
11928,8716892000005,Stedin,Laan van Eik en Duinen,2564GW,2564GW,'S-GRAVENHAGE,20,90.0,100.0,55.0,1x35,3356,70.0,20.0
11929,8716892000005,Stedin,Laan van Eik en Duinen,2564GX,2564GX,'S-GRAVENHAGE,26,76.92,100.0,58.0,3x25,4147,73.08,23.08
11930,8716892000005,Stedin,Laan van Eik en Duinen,2564GZ,2564GZ,'S-GRAVENHAGE,23,100.0,91.3,83.0,1x35,2360,21.74,0.0
11931,8716892000005,Stedin,Vlierboomplein,2564HA,2564HA,'S-GRAVENHAGE,19,100.0,100.0,100.0,1x35,2007,21.05,5.26
11932,8716892000005,Stedin,Vlierboomplein,2564HB,2564HB,'S-GRAVENHAGE,23,100.0,100.0,96.0,1x35,2036,43.48,4.35
11933,8716892000005,Stedin,Vlierboomstraat,2564HC,2564HC,'S-GRAVENHAGE,19,100.0,100.0,100.0,1x35,1953,36.84,15.79
11934,8716892000005,Stedin,Vlierboomstraat,2564HD,2564HD,'S-GRAVENHAGE,14,100.0,100.0,93.0,1x35,2186,50.0,14.29
11935,8716892000005,Stedin,Vlierboomstraat,2564HE,2564HG,'S-GRAVENHAGE,33,100.0,96.97,85.0,1x35,3547,63.64,9.09
11936,8716892000005,Stedin,Vlierboomstraat,2564HH,2564HH,'S-GRAVENHAGE,24,100.0,100.0,83.0,1x35,1874,54.17,4.17
11937,8716892000005,Stedin,Vlierboomstraat,2564HJ,2564HJ,'S-GRAVENHAGE,26,100.0,100.0,81.0,1x35,1763,34.62,7.69
11938,8716892000005,Stedin,Vlierboomstraat,2564HK,2564HK,'S-GRAVENHAGE,23,100.0,100.0,100.0,1x35,1704,21.74,8.7
11939,8716892000005,Stedin,Vlierboomstraat,2564HL,2564HL,'S-GRAVENHAGE,19,100.0,100.0,89.0,1x35,1484,47.37,26.32
11940,8716892000005,Stedin,Vlierboomstraat,2564HM,2564HM,'S-GRAVENHAGE,25,100.0,100.0,88.0,1x35,1257,24.0,4.0
11941,8716892000005,Stedin,Vlierboomstraat,2564HN,2564HN,'S-GRAVENHAGE,21,100.0,95.24,95.0,1x35,1682,14.29,4.76
11942,8716892000005,Stedin,Vlierboomstraat,2564HP,2564HP,'S-GRAVENHAGE,11,100.0,100.0,100.0,1x35,1711,18.18,0.0
11943,8716892000005,Stedin,Vlierboomstraat,2564HR,2564HR,'S-GRAVENHAGE,27,100.0,100.0,89.0,1x35,2367,37.04,7.41
11944,8716892000005,Stedin,Vlierboomstraat,2564HS,2564HS,'S-GRAVENHAGE,22,100.0,100.0,100.0,1x35,1260,22.73,4.55
11945,8716892000005,Stedin,Vlierboomstraat,2564HT,2564HT,'S-GRAVENHAGE,25,100.0,92.0,92.0,1x35,4360,52.0,4.0
11946,8716892000005,Stedin,Vlierboomstraat,2564JA,2564JA,'S-GRAVENHAGE,23,100.0,95.65,83.0,1x35,1598,43.48,4.35
11947,8716892000005,Stedin,Vlierboomstraat,2564JB,2564JB,'S-GRAVENHAGE,25,100.0,100.0,96.0,1x35,2102,44.0,16.0
11948,8716892000005,Stedin,Vlierboomstraat,2564JC,2564JC,'S-GRAVENHAGE,27,100.0,100.0,70.0,1x35,2477,66.67,3.7
11949,8716892000005,Stedin,Vlierboomstraat,2564JD,2564JD,'S-GRAVENHAGE,25,100.0,100.0,52.0,1x35,7317,60.0,8.0
11950,8716892000005,Stedin,Vlierboomstraat,2564JE,2564JE,'S-GRAVENHAGE,22,100.0,100.0,55.0,1x35,6806,59.09,4.55
11951,8716892000005,Stedin,Vlierboomstraat,2564JG,2564JG,'S-GRAVENHAGE,23,100.0,91.3,70.0,1x35,3579,47.83,13.04
11952,8716892000005,Stedin,Vlierboomstraat,2564JH,2564JH,'S-GRAVENHAGE,24,100.0,100.0,83.0,1x35,4273,66.67,29.17
11953,8716892000005,Stedin,Vlierboomstraat,2564JJ,2564JJ,'S-GRAVENHAGE,23,91.3,91.3,91.0,1x35,3884,52.17,8.7
11954,8716892000005,Stedin,Vlierboomstraat,2564JK,2564JK,'S-GRAVENHAGE,23,100.0,95.65,83.0,1x35,1985,43.48,4.35
11955,8716892000005,Stedin,Vlierboomstraat,2564JL,2564JL,'S-GRAVENHAGE,19,100.0,100.0,95.0,1x35,2494,36.84,15.79
11956,8716892000005,Stedin,Vlierboomstraat,2564JM,2564JM,'S-GRAVENHAGE,25,100.0,96.0,76.0,1x35,4536,36.0,4.0
11957,8716892000005,Stedin,Vlierboomstraat,2564JN,2564JN,'S-GRAVENHAGE,22,100.0,100.0,77.0,1x35,3330,59.09,4.55
11958,8716892000005,Stedin,Vlierboomstraat,2564JP,2564JP,'S-GRAVENHAGE,20,100.0,100.0,75.0,1x35,7014,60.0,10.0
11959,8716892000005,Stedin,Vlierboomstraat,2564JR,2564JR,'S-GRAVENHAGE,24,100.0,100.0,92.0,1x35,2092,33.33,0.0
11960,8716892000005,Stedin,Moerbeiplein,2564KA,2564KA,'S-GRAVENHAGE,25,100.0,96.0,96.0,1x35,1615,32.0,8.0
11961,8716892000005,Stedin,Moerbeiplein,2564KB,2564KB,'S-GRAVENHAGE,28,100.0,100.0,100.0,1x35,2105,35.71,17.86
11962,8716892000005,Stedin,Moerbeiplein,2564KC,2564KC,'S-GRAVENHAGE,24,100.0,100.0,92.0,1x35,2191,41.67,4.17
11963,8716892000005,Stedin,Moerbeiplein,2564KD,2564KD,'S-GRAVENHAGE,28,100.0,100.0,96.0,1x35,2233,46.43,0.0
11964,8716892000005,Stedin,Mient,2564KE,2564KE,'S-GRAVENHAGE,21,100.0,100.0,90.0,1x35,2042,52.38,4.76
11965,8716892000005,Stedin,Mient,2564KG,2564KG,'S-GRAVENHAGE,19,100.0,100.0,95.0,1x35,2027,42.11,0.0
11966,8716892000005,Stedin,Mient,2564KH,2564KH,'S-GRAVENHAGE,18,100.0,100.0,83.0,1x35,1798,44.44,0.0
11967,8716892000005,Stedin,Mient,2564KJ,2564KJ,'S-GRAVENHAGE,18,100.0,100.0,94.0,1x35,2439,61.11,0.0
11968,8716892000005,Stedin,Waldeck Pyrmontkade,2564KK,2564KK,'S-GRAVENHAGE,24,100.0,95.83,96.0,1x35,4010,45.83,16.67
11969,8716892000005,Stedin,Thorbeckelaan,2564KL,2564KL,'S-GRAVENHAGE,41,90.24,100.0,85.0,1x35,3344,87.8,14.63
11970,8716892000005,Stedin,Mient,2564KM,2564KM,'S-GRAVENHAGE,23,100.0,100.0,65.0,1x35,5146,52.17,17.39
11971,8716892000005,Stedin,Mient,2564KN,2564KN,'S-GRAVENHAGE,23,100.0,95.65,83.0,1x35,2545,34.78,30.43
11972,8716892000005,Stedin,Mient,2564KP,2564KP,'S-GRAVENHAGE,24,100.0,100.0,92.0,1x35,2154,66.67,25.0
11973,8716892000005,Stedin,Mient,2564KR,2564KR,'S-GRAVENHAGE,23,100.0,95.65,83.0,1x35,2617,47.83,26.09
11974,8716892000005,Stedin,Mient,2564KS,2564KS,'S-GRAVENHAGE,26,100.0,96.15,81.0,1x35,2006,50.0,11.54
11975,8716892000005,Stedin,Mient,2564KT,2564KT,'S-GRAVENHAGE,14,85.71,100.0,86.0,1x35,3156,64.29,14.29
11976,8716892000005,Stedin,Mient,2564LA,2564LA,'S-GRAVENHAGE,18,100.0,83.33,72.0,1x35,6705,61.11,0.0
11977,8716892000005,Stedin,Mient,2564LB,2564LB,'S-GRAVENHAGE,23,95.65,91.3,100.0,1x35,1921,47.83,4.35
11978,8716892000005,Stedin,Mient,2564LC,2564LC,'S-GRAVENHAGE,20,100.0,100.0,95.0,1x35,1664,30.0,10.0
11979,8716892000005,Stedin,Mient,2564LD,2564LD,'S-GRAVENHAGE,25,100.0,96.0,84.0,1x35,2158,56.0,16.0
11980,8716892000005,Stedin,Mient,2564LE,2564LE,'S-GRAVENHAGE,25,100.0,92.0,84.0,1x35,2372,48.0,12.0
11981,8716892000005,Stedin,Mient,2564LG,2564LG,'S-GRAVENHAGE,24,100.0,100.0,96.0,1x35,2615,54.17,0.0
11982,8716892000005,Stedin,Mient,2564LH,2564LH,'S-GRAVENHAGE,20,100.0,100.0,65.0,1x35,4276,60.0,5.0
11983,8716892000005,Stedin,Mient,2564LJ,2564LJ,'S-GRAVENHAGE,18,100.0,94.44,89.0,1x35,2050,55.56,5.56
11984,8716892000005,Stedin,Mient,2564LK,2564LK,'S-GRAVENHAGE,16,100.0,87.5,81.0,1x35,2469,62.5,6.25
11985,8716892000005,Stedin,Mient,2564LL,2564LL,'S-GRAVENHAGE,18,100.0,100.0,100.0,1x35,1604,61.11,5.56
11986,8716892000005,Stedin,Mient,2564LM,2564LM,'S-GRAVENHAGE,18,100.0,100.0,89.0,1x35,1867,72.22,22.22
11987,8716892000005,Stedin,Mient,2564LN,2564LN,'S-GRAVENHAGE,23,100.0,100.0,78.0,1x35,3969,65.22,17.39
11988,8716892000005,Stedin,Kornoeljestraat,2564LP,2564LP,'S-GRAVENHAGE,14,100.0,100.0,86.0,1x35,2353,50.0,7.14
11989,8716892000005,Stedin,Kornoeljestraat,2564LR,2564LR,'S-GRAVENHAGE,17,100.0,100.0,100.0,1x35,2207,58.82,17.65
11990,8716892000005,Stedin,Kornoeljestraat,2564LS,2564LS,'S-GRAVENHAGE,19,100.0,94.74,89.0,1x35,2265,63.16,5.26
11991,8716892000005,Stedin,Kornoeljestraat,2564LT,2564LT,'S-GRAVENHAGE,20,100.0,95.0,90.0,1x35,1856,40.0,0.0
11992,8716892000005,Stedin,Kornoeljestraat,2564LV,2564LV,'S-GRAVENHAGE,15,100.0,100.0,100.0,1x35,1744,53.33,6.67
11993,8716892000005,Stedin,Pompoenstraat,2564LW,2564LX,'S-GRAVENHAGE,24,100.0,100.0,83.0,1x35,2482,58.33,4.17
11994,8716892000005,Stedin,Pompoenstraat,2564LZ,2564LZ,'S-GRAVENHAGE,13,100.0,100.0,92.0,1x35,2516,46.15,0.0
11995,8716892000005,Stedin,Bosbesstraat,2564PA,2564PA,'S-GRAVENHAGE,27,100.0,100.0,70.0,1x35,3654,70.37,11.11
11996,8716892000005,Stedin,Bosbesstraat,2564PB,2564PB,'S-GRAVENHAGE,15,100.0,100.0,87.0,1x35,2297,66.67,6.67
11997,8716892000005,Stedin,Bosbesstraat,2564PC,2564PC,'S-GRAVENHAGE,31,100.0,100.0,94.0,1x35,2183,51.61,19.35
11998,8716892000005,Stedin,Bosbesstraat,2564PD,2564PD,'S-GRAVENHAGE,20,100.0,100.0,95.0,1x35,1944,25.0,0.0
11999,8716892000005,Stedin,Abrikozenplein,2564PE,2564PE,'S-GRAVENHAGE,19,100.0,100.0,84.0,1x35,2457,68.42,10.53
12000,8716892000005,Stedin,Abrikozenplein,2564PG,2564PG,'S-GRAVENHAGE,23,100.0,100.0,83.0,1x35,4780,34.78,8.7
12001,8716892000005,Stedin,Abrikozenplein,2564PH,2564PH,'S-GRAVENHAGE,22,95.45,100.0,91.0,1x35,2055,50.0,13.64
12002,8716892000005,Stedin,Citroenstraat,2564PJ,2564PJ,'S-GRAVENHAGE,21,100.0,95.24,90.0,1x35,2398,52.38,9.52
12003,8716892000005,Stedin,Citroenstraat,2564PK,2564PK,'S-GRAVENHAGE,18,100.0,100.0,72.0,1x35,6596,77.78,11.11
12004,8716892000005,Stedin,Citroenstraat,2564PL,2564PL,'S-GRAVENHAGE,18,100.0,100.0,78.0,1x35,3133,66.67,16.67
12005,8716892000005,Stedin,Citroenstraat,2564PM,2564PM,'S-GRAVENHAGE,17,100.0,100.0,65.0,1x35,2977,58.82,0.0
12006,8716892000005,Stedin,Goudreinetstraat,2564PN,2564PN,'S-GRAVENHAGE,24,100.0,95.83,96.0,1x35,2692,70.83,4.17
12007,8716892000005,Stedin,Goudreinetstraat,2564PP,2564PP,'S-GRAVENHAGE,25,100.0,96.0,76.0,1x35,2831,72.0,8.0
12008,8716892000005,Stedin,Goudreinetstraat,2564PR,2564PR,'S-GRAVENHAGE,26,92.31,100.0,81.0,1x35,2904,50.0,15.38
12009,8716892000005,Stedin,Goudreinetstraat,2564PS,2564PS,'S-GRAVENHAGE,16,100.0,100.0,81.0,1x35,2153,56.25,6.25
12010,8716892000005,Stedin,Goudreinetstraat,2564PT,2564PT,'S-GRAVENHAGE,26,100.0,96.15,88.0,1x35,2520,46.15,0.0
12011,8716892000005,Stedin,Goudreinetstraat,2564PV,2564PV,'S-GRAVENHAGE,25,96.0,96.0,84.0,1x35,2495,72.0,12.0
12012,8716892000005,Stedin,Goudreinetstraat,2564PW,2564PW,'S-GRAVENHAGE,17,100.0,100.0,65.0,1x35,2331,82.35,5.88
12013,8716892000005,Stedin,Goudreinetstraat,2564PX,2564PX,'S-GRAVENHAGE,28,96.43,100.0,54.0,1x35,3253,50.0,7.14
12014,8716892000005,Stedin,Goudreinetstraat,2564PZ,2564PZ,'S-GRAVENHAGE,20,100.0,95.0,85.0,1x35,1953,45.0,10.0
12015,8716892000005,Stedin,Sterappelstraat,2564RA,2564RA,'S-GRAVENHAGE,17,100.0,100.0,82.0,1x35,3408,58.82,5.88
12016,8716892000005,Stedin,Sterappelstraat,2564RB,2564RB,'S-GRAVENHAGE,14,92.86,92.86,64.0,1x35,7149,57.14,7.14
12017,8716892000005,Stedin,Pippelingstraat,2564RC,2564RC,'S-GRAVENHAGE,26,96.15,100.0,100.0,1x35,2114,65.38,0.0
12018,8716892000005,Stedin,Pippelingstraat,2564RD,2564RD,'S-GRAVENHAGE,19,100.0,100.0,89.0,1x35,2418,52.63,0.0
12019,8716892000005,Stedin,Pippelingstraat,2564RE,2564RE,'S-GRAVENHAGE,23,100.0,100.0,83.0,1x35,2069,73.91,13.04
12020,8716892000005,Stedin,Pippelingstraat,2564RG,2564RG,'S-GRAVENHAGE,24,95.83,95.83,88.0,1x35,2497,54.17,12.5
12021,8716892000005,Stedin,Pippelingstraat,2564RH,2564RH,'S-GRAVENHAGE,15,100.0,100.0,87.0,1x35,2627,53.33,0.0
12022,8716892000005,Stedin,Pippelingstraat,2564RJ,2564RJ,'S-GRAVENHAGE,24,100.0,100.0,83.0,1x35,2195,58.33,16.67
12023,8716892000005,Stedin,Pippelingstraat,2564RK,2564RK,'S-GRAVENHAGE,27,100.0,96.3,85.0,1x35,2165,66.67,14.81
12024,8716892000005,Stedin,Pippelingstraat,2564RL,2564RL,'S-GRAVENHAGE,23,100.0,100.0,91.0,1x35,2019,73.91,13.04
12025,8716892000005,Stedin,Perenstraat,2564RT,2564RT,'S-GRAVENHAGE,24,100.0,95.83,92.0,1x35,2287,70.83,4.17
12026,8716892000005,Stedin,Perenstraat,2564RV,2564RV,'S-GRAVENHAGE,22,100.0,100.0,95.0,1x35,2239,50.0,4.55
12027,8716892000005,Stedin,Perenstraat,2564RW,2564RW,'S-GRAVENHAGE,23,95.65,100.0,87.0,1x35,2407,56.52,8.7
12028,8716892000005,Stedin,Perenstraat,2564RX,2564RX,'S-GRAVENHAGE,27,100.0,96.3,100.0,1x35,2283,66.67,11.11
12029,8716892000005,Stedin,Perenstraat,2564RZ,2564RZ,'S-GRAVENHAGE,25,100.0,100.0,92.0,1x35,1857,48.0,0.0
12030,8716892000005,Stedin,Perenstraat,2564SB,2564SB,'S-GRAVENHAGE,20,100.0,95.0,85.0,1x35,2249,25.0,10.0
12031,8716892000005,Stedin,Perenstraat,2564SC,2564SC,'S-GRAVENHAGE,22,100.0,95.45,91.0,1x35,2761,36.36,13.64
12032,8716892000005,Stedin,Perenstraat,2564SE,2564SE,'S-GRAVENHAGE,22,100.0,95.45,100.0,1x35,1805,31.82,13.64
12033,8716892000005,Stedin,Perenstraat,2564SG,2564SG,'S-GRAVENHAGE,21,100.0,100.0,90.0,1x35,2018,19.05,4.76
12034,8716892000005,Stedin,Perenstraat,2564SH,2564SH,'S-GRAVENHAGE,24,100.0,100.0,100.0,1x35,1821,25.0,8.33
12035,8716892000005,Stedin,Perenstraat,2564SJ,2564SJ,'S-GRAVENHAGE,17,100.0,100.0,94.0,1x35,2682,52.94,11.76
12036,8716892000005,Stedin,Perenstraat,2564SK,2564SK,'S-GRAVENHAGE,20,100.0,95.0,85.0,1x35,2277,60.0,10.0
12037,8716892000005,Stedin,Ananasstraat,2564SL,2564SL,'S-GRAVENHAGE,17,100.0,100.0,82.0,1x35,3935,82.35,11.76
12038,8716892000005,Stedin,Ananasstraat,2564SM,2564SM,'S-GRAVENHAGE,13,100.0,92.31,92.0,1x35,3141,84.62,23.08
12039,8716892000005,Stedin,Ananasstraat,2564SN,2564SN,'S-GRAVENHAGE,27,100.0,100.0,56.0,1x35,3422,81.48,18.52
12040,8716892000005,Stedin,Ananasstraat,2564SP,2564SP,'S-GRAVENHAGE,27,85.19,100.0,70.0,1x35,2578,70.37,7.41
12041,8716892000005,Stedin,Ananasstraat,2564SR,2564SR,'S-GRAVENHAGE,21,90.48,95.24,71.0,1x35,2609,61.9,9.52
12042,8716892000005,Stedin,Ananasstraat,2564ST,2564ST,'S-GRAVENHAGE,19,94.74,100.0,53.0,1x35,3192,78.95,5.26
12043,8716892000005,Stedin,Mandarijnstraat,2564SV,2564SV,'S-GRAVENHAGE,12,100.0,100.0,92.0,1x35,3330,83.33,8.33
12044,8716892000005,Stedin,Mandarijnstraat,2564SW,2564SW,'S-GRAVENHAGE,18,100.0,100.0,89.0,1x35,3231,77.78,22.22
12045,8716892000005,Stedin,Mandarijnstraat,2564SX,2564SX,'S-GRAVENHAGE,19,94.74,100.0,47.0,3x25,3473,42.11,10.53
12046,8716892000005,Stedin,Mandarijnstraat,2564SZ,2564SZ,'S-GRAVENHAGE,18,94.44,88.89,61.0,1x35,3280,33.33,5.56
12047,8716892000005,Stedin,Meloenstraat,2564TA,2564TA,'S-GRAVENHAGE,16,100.0,100.0,81.0,1x35,3204,56.25,12.5
12048,8716892000005,Stedin,Meloenstraat,2564TB,2564TB,'S-GRAVENHAGE,24,95.83,100.0,58.0,1x35,4356,83.33,8.33
12049,8716892000005,Stedin,Meloenstraat,2564TC,2564TC,'S-GRAVENHAGE,11,100.0,90.91,64.0,3x25,4986,63.64,18.18
12050,8716892000005,Stedin,Meloenstraat,2564TD,2564TD,'S-GRAVENHAGE,12,100.0,100.0,67.0,1x35,3540,75.0,25.0
12051,8716892000005,Stedin,Meloenstraat,2564TE,2564TE,'S-GRAVENHAGE,11,100.0,100.0,55.0,1x35,2989,54.55,9.09
12052,8716892000005,Stedin,Meloenstraat,2564TG,2564TH,'S-GRAVENHAGE,26,96.15,100.0,62.0,1x35,3467,65.38,19.23
12053,8716892000005,Stedin,Meloenstraat,2564TJ,2564TJ,'S-GRAVENHAGE,15,93.33,100.0,80.0,1x35,3697,86.67,26.67
12054,8716892000005,Stedin,Meloenstraat,2564TK,2564TK,'S-GRAVENHAGE,23,91.3,100.0,52.0,3x25,3039,69.57,13.04
12055,8716892000005,Stedin,Meloenstraat,2564TL,2564TL,'S-GRAVENHAGE,21,90.48,100.0,52.0,3x25,4180,66.67,19.05
12056,8716892000005,Stedin,Aardbeistraat,2564TM,2564TM,'S-GRAVENHAGE,15,100.0,100.0,60.0,1x35,3066,80.0,13.33
12057,8716892000005,Stedin,Aardbeistraat,2564TN,2564TN,'S-GRAVENHAGE,19,100.0,100.0,74.0,1x35,3431,73.68,15.79
12058,8716892000005,Stedin,Mispelstraat,2564TP,2564TP,'S-GRAVENHAGE,15,100.0,100.0,60.0,1x35,4205,66.67,13.33
12059,8716892000005,Stedin,Mispelstraat,2564TR,2564TR,'S-GRAVENHAGE,15,100.0,100.0,67.0,3x25,4014,73.33,6.67
12060,8716892000005,Stedin,Aalbessenstraat,2564TS,2564TS,'S-GRAVENHAGE,15,100.0,100.0,93.0,1x35,1840,53.33,0.0
12061,8716892000005,Stedin,Aalbessenstraat,2564TT,2564TT,'S-GRAVENHAGE,18,100.0,100.0,83.0,1x35,1671,44.44,0.0
12062,8716892000005,Stedin,Perziklaan,2564TV,2564TV,'S-GRAVENHAGE,36,100.0,100.0,72.0,1x35,2913,94.44,8.33
12063,8716892000005,Stedin,Perziklaan,2564TW,2564TW,'S-GRAVENHAGE,22,100.0,100.0,86.0,1x35,2025,50.0,4.55
12064,8716892000005,Stedin,Perziklaan,2564TX,2564TX,'S-GRAVENHAGE,27,100.0,100.0,93.0,1x35,2706,48.15,3.7
12065,8716892000005,Stedin,Perziklaan,2564TZ,2564VB,'S-GRAVENHAGE,27,85.19,100.0,63.0,1x35,2942,62.96,25.93
12066,8716892000005,Stedin,Kruisbessenstraat,2564VC,2564VE,'S-GRAVENHAGE,28,89.29,100.0,61.0,1x35,4359,78.57,3.57
12067,8716892000005,Stedin,Druivenstraat,2564VG,2564VG,'S-GRAVENHAGE,25,100.0,100.0,76.0,1x35,3297,92.0,16.0
12068,8716892000005,Stedin,Druivenstraat,2564VH,2564VH,'S-GRAVENHAGE,14,92.86,100.0,79.0,1x35,2162,35.71,7.14
12069,8716892000005,Stedin,Druivenstraat,2564VJ,2564VJ,'S-GRAVENHAGE,17,100.0,100.0,59.0,1x35,2892,76.47,35.29
12070,8716892000005,Stedin,Abrikozenstraat,2564VK,2564VK,'S-GRAVENHAGE,24,100.0,100.0,92.0,1x35,2280,33.33,8.33
12071,8716892000005,Stedin,Abrikozenstraat,2564VL,2564VL,'S-GRAVENHAGE,25,100.0,92.0,84.0,1x35,2297,56.0,4.0
12072,8716892000005,Stedin,Abrikozenstraat,2564VM,2564VM,'S-GRAVENHAGE,29,100.0,96.55,69.0,1x35,2746,37.93,3.45
12073,8716892000005,Stedin,Abrikozenstraat,2564VN,2564VN,'S-GRAVENHAGE,20,100.0,100.0,75.0,1x35,2026,60.0,0.0
12074,8716892000005,Stedin,Abrikozenstraat,2564VP,2564VP,'S-GRAVENHAGE,14,100.0,100.0,64.0,1x35,2295,64.29,7.14
12075,8716892000005,Stedin,Abrikozenstraat,2564VR,2564VR,'S-GRAVENHAGE,27,96.3,92.59,63.0,1x35,2647,74.07,22.22
12076,8716892000005,Stedin,Abrikozenstraat,2564VS,2564VS,'S-GRAVENHAGE,20,100.0,100.0,100.0,1x35,2432,45.0,5.0
12077,8716892000005,Stedin,Abrikozenstraat,2564VT,2564VT,'S-GRAVENHAGE,26,100.0,96.15,92.0,1x35,2821,42.31,19.23
12078,8716892000005,Stedin,Abrikozenstraat,2564VV,2564VV,'S-GRAVENHAGE,18,100.0,100.0,94.0,1x35,2433,77.78,0.0
12079,8716892000005,Stedin,Abrikozenstraat,2564VW,2564VW,'S-GRAVENHAGE,19,100.0,100.0,79.0,1x35,2429,68.42,5.26
12080,8716892000005,Stedin,Abrikozenstraat,2564VX,2564VX,'S-GRAVENHAGE,14,100.0,100.0,86.0,1x35,2595,64.29,0.0
12081,8716892000005,Stedin,Abrikozenstraat,2564VZ,2564VZ,'S-GRAVENHAGE,17,100.0,100.0,65.0,1x35,4291,82.35,5.88
12082,8716892000005,Stedin,Morelstraat,2564XA,2564XA,'S-GRAVENHAGE,22,100.0,100.0,77.0,1x35,2261,36.36,0.0
12083,8716892000005,Stedin,Morelstraat,2564XB,2564XB,'S-GRAVENHAGE,23,100.0,100.0,96.0,1x35,2050,26.09,13.04
12084,8716892000005,Stedin,Morelstraat,2564XC,2564XC,'S-GRAVENHAGE,17,100.0,94.12,88.0,1x35,1995,29.41,5.88
12085,8716892000005,Stedin,Morelstraat,2564XD,2564XD,'S-GRAVENHAGE,15,93.33,100.0,80.0,1x35,2287,73.33,6.67
12086,8716892000005,Stedin,Morelstraat,2564XE,2564XE,'S-GRAVENHAGE,27,100.0,96.3,96.0,1x35,2005,33.33,7.41
12087,8716892000005,Stedin,Morelstraat,2564XG,2564XG,'S-GRAVENHAGE,20,100.0,100.0,95.0,1x35,1908,30.0,10.0
12088,8716892000005,Stedin,Morelstraat,2564XH,2564XH,'S-GRAVENHAGE,23,100.0,100.0,96.0,1x35,1439,52.17,8.7
12089,8716892000005,Stedin,Frambozenstraat,2564XJ,2564XK,'S-GRAVENHAGE,15,100.0,100.0,60.0,3x25,7064,80.0,20.0
12090,8716892000005,Stedin,Frambozenstraat,2564XL,2564XM,'S-GRAVENHAGE,21,100.0,100.0,81.0,1x35,2322,57.14,14.29
12091,8716892000005,Stedin,Frambozenstraat,2564XN,2564XN,'S-GRAVENHAGE,22,100.0,100.0,73.0,1x35,2771,59.09,9.09
12092,8716892000005,Stedin,Pomonaplein,2564XP,2564XP,'S-GRAVENHAGE,26,100.0,100.0,77.0,1x35,2418,65.38,11.54
12093,8716892000005,Stedin,Pomonaplein,2564XR,2564XR,'S-GRAVENHAGE,24,100.0,100.0,75.0,1x35,2602,62.5,4.17
12094,8716892000005,Stedin,Pomonaplein,2564XS,2564XS,'S-GRAVENHAGE,23,100.0,91.3,70.0,1x35,2932,69.57,8.7
12095,8716892000005,Stedin,Pomonaplein,2564XT,2564XT,'S-GRAVENHAGE,23,100.0,100.0,52.0,1x35,3509,78.26,8.7
12096,8716892000005,Stedin,Pomonalaan,2564XV,2564XV,'S-GRAVENHAGE,19,100.0,100.0,89.0,1x35,2842,47.37,15.79
12097,8716892000005,Stedin,Pomonalaan,2564XW,2564XW,'S-GRAVENHAGE,22,100.0,100.0,73.0,1x35,2867,72.73,27.27
12098,8716892000005,Stedin,Pomonalaan,2564XX,2564XX,'S-GRAVENHAGE,24,100.0,95.83,67.0,1x35,3187,79.17,8.33
12099,8716892000005,Stedin,Pomonalaan,2564XZ,2564XZ,'S-GRAVENHAGE,15,100.0,100.0,60.0,1x35,2891,73.33,20.0
12100,8716892000005,Stedin,Evert Wijtemaweg,2565AA,2565AB,'S-GRAVENHAGE,19,100.0,84.21,47.0,3x25,18936,73.68,31.58
12101,8716892000005,Stedin,Daal en Bergselaan,2565AC,2565AC,'S-GRAVENHAGE,15,100.0,93.33,80.0,1x35,2864,20.0,0.0
12102,8716892000005,Stedin,Daal en Bergselaan,2565AD,2565AD,'S-GRAVENHAGE,28,100.0,96.43,86.0,1x35,1584,25.0,0.0
12103,8716892000005,Stedin,Daal en Bergselaan,2565AE,2565AG,'S-GRAVENHAGE,48,97.92,100.0,73.0,1x35,6255,95.83,2.08
12104,8716892000005,Stedin,Daal en Bergselaan,2565AH,2565AL,'S-GRAVENHAGE,31,100.0,93.55,55.0,3x25,5086,64.52,3.23
12105,8716892000005,Stedin,Ridderspoorweg,2565AM,2565AM,'S-GRAVENHAGE,24,100.0,100.0,83.0,1x35,1219,4.17,0.0
12106,8716892000005,Stedin,Ridderspoorweg,2565AN,2565AN,'S-GRAVENHAGE,24,100.0,100.0,96.0,1x35,1061,20.83,0.0
12107,8716892000005,Stedin,Ridderspoorweg,2565AP,2565AP,'S-GRAVENHAGE,24,100.0,100.0,88.0,1x35,2013,50.0,0.0
12108,8716892000005,Stedin,Ridderspoorweg,2565AR,2565AR,'S-GRAVENHAGE,13,100.0,92.31,69.0,1x35,3629,100.0,0.0
12109,8716892000005,Stedin,Ridderspoorweg,2565AS,2565AS,'S-GRAVENHAGE,13,100.0,100.0,77.0,1x35,3053,92.31,0.0
12110,8716892000005,Stedin,Ridderspoorweg,2565AT,2565AT,'S-GRAVENHAGE,12,100.0,100.0,83.0,1x35,3381,100.0,0.0
12111,8716892000005,Stedin,Ereprijsweg,2565AV,2565AW,'S-GRAVENHAGE,18,94.44,100.0,78.0,3x25,4694,88.89,0.0
12112,8716892000005,Stedin,Pioenweg,2565AX,2565BA,'S-GRAVENHAGE,40,95.0,100.0,58.0,3x25,3888,70.0,5.0
